-- phpMyAdmin SQL Dump
-- version 5.0.2
-- https://www.phpmyadmin.net/
--
-- Host: 127.0.0.1:3306
-- Generation Time: Jul 07, 2022 at 01:40 PM
-- Server version: 5.7.31
-- PHP Version: 7.3.21

SET SQL_MODE = "NO_AUTO_VALUE_ON_ZERO";
START TRANSACTION;
SET time_zone = "+00:00";


/*!40101 SET @OLD_CHARACTER_SET_CLIENT=@@CHARACTER_SET_CLIENT */;
/*!40101 SET @OLD_CHARACTER_SET_RESULTS=@@CHARACTER_SET_RESULTS */;
/*!40101 SET @OLD_COLLATION_CONNECTION=@@COLLATION_CONNECTION */;
/*!40101 SET NAMES utf8mb4 */;

--
-- Database: `aplo`
--

-- --------------------------------------------------------

--
-- Table structure for table `activity`
--

DROP TABLE IF EXISTS `activity`;
CREATE TABLE IF NOT EXISTS `activity` (
  `id` int(10) UNSIGNED NOT NULL AUTO_INCREMENT,
  `name` varchar(100) CHARACTER SET utf8 NOT NULL,
  `created_date` datetime NOT NULL DEFAULT CURRENT_TIMESTAMP,
  `updated_date` datetime NOT NULL DEFAULT CURRENT_TIMESTAMP,
  `updated_by` int(10) UNSIGNED NOT NULL,
  `archived` smallint(6) NOT NULL DEFAULT '0' COMMENT '0:Not Archived, 1:Archived',
  PRIMARY KEY (`id`)
) ENGINE=InnoDB AUTO_INCREMENT=2 DEFAULT CHARSET=latin1;

--
-- Dumping data for table `activity`
--

INSERT INTO `activity` (`id`, `name`, `created_date`, `updated_date`, `updated_by`, `archived`) VALUES
(1, 'testactivity', '2022-07-04 10:35:06', '2022-07-04 10:35:06', 1, 0);

-- --------------------------------------------------------

--
-- Table structure for table `brand`
--

DROP TABLE IF EXISTS `brand`;
CREATE TABLE IF NOT EXISTS `brand` (
  `id` int(10) UNSIGNED NOT NULL AUTO_INCREMENT,
  `name` varchar(100) CHARACTER SET utf8 NOT NULL,
  `created_date` datetime NOT NULL DEFAULT CURRENT_TIMESTAMP,
  `updated_date` datetime NOT NULL DEFAULT CURRENT_TIMESTAMP,
  `updated_by` int(10) UNSIGNED NOT NULL,
  `archived` smallint(6) NOT NULL DEFAULT '0' COMMENT '0:Not Archived, 1:Archived	',
  PRIMARY KEY (`id`)
) ENGINE=InnoDB AUTO_INCREMENT=3 DEFAULT CHARSET=latin1;

--
-- Dumping data for table `brand`
--

INSERT INTO `brand` (`id`, `name`, `created_date`, `updated_date`, `updated_by`, `archived`) VALUES
(1, 'test', '2022-07-04 10:34:46', '2022-07-04 10:34:46', 1, 0),
(2, 'test2', '2022-07-05 11:26:45', '2022-07-05 11:26:45', 1, 0);

-- --------------------------------------------------------

--
-- Table structure for table `business_requests`
--

DROP TABLE IF EXISTS `business_requests`;
CREATE TABLE IF NOT EXISTS `business_requests` (
  `id` int(10) UNSIGNED NOT NULL AUTO_INCREMENT,
  `brand_id` int(10) UNSIGNED DEFAULT NULL,
  `brand_name` varchar(100) CHARACTER SET utf8 DEFAULT NULL,
  `activity_id` int(10) UNSIGNED DEFAULT NULL,
  `activity_name` varchar(150) CHARACTER SET utf8 NOT NULL,
  `full_name` varchar(150) CHARACTER SET utf8 NOT NULL,
  `position` varchar(100) CHARACTER SET utf8 NOT NULL,
  `website` varchar(100) NOT NULL,
  `email` varchar(100) CHARACTER SET utf8 NOT NULL,
  `password` varchar(60) CHARACTER SET utf8 NOT NULL,
  `created_date` datetime NOT NULL DEFAULT CURRENT_TIMESTAMP,
  PRIMARY KEY (`id`),
  KEY `FK_brand_01` (`brand_id`),
  KEY `FK_activity_01` (`activity_id`)
) ENGINE=InnoDB AUTO_INCREMENT=69 DEFAULT CHARSET=latin1;

--
-- Dumping data for table `business_requests`
--

INSERT INTO `business_requests` (`id`, `brand_id`, `brand_name`, `activity_id`, `activity_name`, `full_name`, `position`, `website`, `email`, `password`, `created_date`) VALUES
(1, 1, 'a', 1, 'aa', 'aa', 'a', '', 'a', '123', '2022-07-04 10:38:27'),
(20, 1, '1', 1, 'aa', 'aa', 'a', '', 'a', '123', '2022-07-04 11:51:34'),
(21, 1, '1', 1, 'aa', 'aa', 'a', '', 'a', '123', '2022-07-04 11:51:49'),
(22, 1, '1', 1, 'aa', 'aa', 'a', '', 'a', '123', '2022-07-04 11:52:19'),
(23, 1, '1', 1, 'aa', 'aa', 'a', '', 'a', '123', '2022-07-04 12:14:55'),
(26, 1, '1', 1, 'aa', 'aa', 'a', '', 'a', '123', '2022-07-04 12:16:43'),
(27, 1, '1', 1, 'aa', 'aa', 'a', '', 'a', '123', '2022-07-04 12:17:28'),
(40, 1, '1', 1, 'aa', 'aa', 'a', '', 'a', '123', '2022-07-04 13:54:56'),
(54, NULL, 'new', 1, 'aa', 'aa', 'a', '', 'a', '123', '2022-07-04 17:27:54'),
(55, NULL, 'new', 1, 'aa', 'aa', 'a', '', 'a', '123', '2022-07-04 17:28:02'),
(56, 1, '1', 1, 'aa', 'aa', 'a', 'fsfs', 'a', '123', '2022-07-05 14:29:15'),
(57, 1, '1', 1, 'aa', 'aa', 'a', 'fsfs', 'a', '123', '2022-07-05 14:37:41'),
(58, 1, '1', 1, 'aa', 'aa', 'a', 'fsfs', 'a', '123', '2022-07-05 15:05:58'),
(59, 1, '1', 1, 'aa', 'aa', 'a', 'fsfs', 'a', '123', '2022-07-05 15:09:12'),
(60, 1, 'test', 1, 'testactivity', 'rg', 'rgrg', 'regfer', 'erger', 'egerg', '2022-07-05 16:19:23'),
(61, NULL, 'ergre', 1, 'testactivity', 'rg', 'rgrg', 'regfer', 'erger', 'egerg', '2022-07-05 16:24:16'),
(62, 2, 'test2', 1, 'testactivity', 'rg', 'rgrg', 'regfer', 'erger', 'egerg', '2022-07-05 16:24:58'),
(63, 1, 'test', 1, 'testactivity', 'rg', 'rgrg', 'regfer', 'a@gmail.com', '$2b$10$eGK2fikcgWqETM8quJWMZ.CTE1b7icN5sSC1bot1K7xtY38FYn9iC', '2022-07-06 09:27:12'),
(64, NULL, 'ggdfg', NULL, 'fdsag', 'agg', 'agga', 'gfag', 'h@gmail.com', '$2b$10$6ZF/1fyAg4zCABKToYgGrek76CJUaAJKEkHfjbnDvWjbNbEcali8y', '2022-07-06 09:49:35'),
(65, NULL, 'ggdfg', NULL, 'fdsag', 'agg', 'agga', 'gfag', 'h@gmail.com', '$2b$10$9.5lDlxUsjQWgZNFeD7jXOs8NbwfKtbcqTWNwhOujdSdEsIrzb/Ee', '2022-07-06 09:50:23'),
(66, NULL, 'ggdfg', NULL, 'fdsag', 'agg', 'agga', 'gfag', 'h@gmail.com', '$2b$10$VCaMdwkaSBqUueZmMOeOE.sVXG3A4yLWVLBFi/jzoXDvtQX5WyCpm', '2022-07-06 09:54:58'),
(67, NULL, 'ggdfg', NULL, 'fdsag', 'agg', 'agga', 'gfag', 'h@gmail.com', '$2b$10$pCsn2xjl7Nt0ORtW8r7BBOgfJPy22n1GKeIE.AHC1unUFblf2lC7e', '2022-07-06 09:55:02'),
(68, NULL, 'ggdfg', NULL, 'fdsag', 'agg', 'agga', 'gfag', 'h@gmail.com', '$2b$10$0PyF63ngb3pE1Gx28UEH3elV8J6LfdDSrHTIUG5EH5wPeTHthVOly', '2022-07-06 10:53:04');

-- --------------------------------------------------------

--
-- Table structure for table `category`
--

DROP TABLE IF EXISTS `category`;
CREATE TABLE IF NOT EXISTS `category` (
  `id` int(10) UNSIGNED NOT NULL AUTO_INCREMENT,
  `name` varchar(100) CHARACTER SET utf8 NOT NULL,
  `parent_id` int(10) UNSIGNED DEFAULT NULL,
  `created_date` datetime NOT NULL DEFAULT CURRENT_TIMESTAMP,
  `updated_date` datetime NOT NULL DEFAULT CURRENT_TIMESTAMP,
  `updated_by` int(10) UNSIGNED NOT NULL,
  `archived` smallint(6) NOT NULL DEFAULT '0' COMMENT '0:Not Archived, 1:Archived',
  PRIMARY KEY (`id`),
  KEY `parent_id` (`parent_id`)
) ENGINE=InnoDB AUTO_INCREMENT=8 DEFAULT CHARSET=latin1;

--
-- Dumping data for table `category`
--

INSERT INTO `category` (`id`, `name`, `parent_id`, `created_date`, `updated_date`, `updated_by`, `archived`) VALUES
(1, 'Electronics', NULL, '2022-07-07 12:17:59', '2022-07-07 12:17:59', 1, 0),
(2, 'Mobile', 1, '2022-07-07 12:18:39', '2022-07-07 12:18:39', 1, 0),
(3, 'Computers', 1, '2022-07-07 12:19:08', '2022-07-07 12:19:08', 1, 0),
(6, 'SmartPhones', 2, '2022-07-07 12:20:10', '2022-07-07 12:20:10', 1, 0),
(7, 'Laptops', 3, '2022-07-07 12:20:33', '2022-07-07 12:20:33', 1, 0);

-- --------------------------------------------------------

--
-- Table structure for table `log`
--

DROP TABLE IF EXISTS `log`;
CREATE TABLE IF NOT EXISTS `log` (
  `id` int(10) UNSIGNED NOT NULL AUTO_INCREMENT,
  `login_id` int(11) NOT NULL,
  `file` varchar(150) CHARACTER SET utf8 NOT NULL,
  `extra` text NOT NULL,
  `error` varchar(500) CHARACTER SET utf8 NOT NULL,
  `created_date` datetime NOT NULL DEFAULT CURRENT_TIMESTAMP,
  PRIMARY KEY (`id`)
) ENGINE=MyISAM AUTO_INCREMENT=61 DEFAULT CHARSET=latin1;

--
-- Dumping data for table `log`
--

INSERT INTO `log` (`id`, `login_id`, `file`, `extra`, `error`, `created_date`) VALUES
(1, 1, 'business_request-createBusinessRequest', 'QueryFailedError: ER_NO_REFERENCED_ROW_2: Cannot add or update a child row: a foreign key constraint fails (`aplo`.`business_requests`, CONSTRAINT `FK_brand_01` FOREIGN KEY (`brand_id`) REFERENCES `brand` (`id`) ON DELETE SET NULL ON UPDATE SET NULL)\n    at Query.<anonymous> (C:\\Users\\Daniel\\Desktop\\Aplo\\api\\src\\driver\\mysql\\MysqlQueryRunner.ts:222:33)\n    at Query.<anonymous> (C:\\Users\\Daniel\\node_modules\\mysql\\lib\\Connection.js:526:10)\n    at Query._callback (C:\\Users\\Daniel\\node_modules\\mysql\\lib\\Connection.js:488:16)\n    at Query.Sequence.end (C:\\Users\\Daniel\\node_modules\\mysql\\lib\\protocol\\sequences\\Sequence.js:83:24)\n    at Query.ErrorPacket (C:\\Users\\Daniel\\node_modules\\mysql\\lib\\protocol\\sequences\\Query.js:92:8)\n    at Protocol._parsePacket (C:\\Users\\Daniel\\node_modules\\mysql\\lib\\protocol\\Protocol.js:291:23)\n    at Parser._parsePacket (C:\\Users\\Daniel\\node_modules\\mysql\\lib\\protocol\\Parser.js:433:10)\n    at Parser.write (C:\\Users\\Daniel\\node_modules\\mysql\\lib\\protocol\\Parser.js:43:10)\n    at Protocol.write (C:\\Users\\Daniel\\node_modules\\mysql\\lib\\protocol\\Protocol.js:38:16)\n    at Socket.<anonymous> (C:\\Users\\Daniel\\node_modules\\mysql\\lib\\Connection.js:88:28)', 'ER_NO_REFERENCED_ROW_2: Cannot add or update a child row: a foreign key constraint fails (`aplo`.`business_requests`, CONSTRAINT `FK_brand_01` FOREIGN KEY (`brand_id`) REFERENCES `brand` (`id`) ON DELETE SET NULL ON UPDATE SET NULL)', '2022-07-04 17:19:35'),
(2, 1, 'business_request-createBusinessRequest', 'QueryFailedError: ER_NO_REFERENCED_ROW_2: Cannot add or update a child row: a foreign key constraint fails (`aplo`.`business_requests`, CONSTRAINT `FK_brand_01` FOREIGN KEY (`brand_id`) REFERENCES `brand` (`id`) ON DELETE SET NULL ON UPDATE SET NULL)\n    at Query.<anonymous> (C:\\Users\\Daniel\\Desktop\\Aplo\\api\\src\\driver\\mysql\\MysqlQueryRunner.ts:222:33)\n    at Query.<anonymous> (C:\\Users\\Daniel\\node_modules\\mysql\\lib\\Connection.js:526:10)\n    at Query._callback (C:\\Users\\Daniel\\node_modules\\mysql\\lib\\Connection.js:488:16)\n    at Query.Sequence.end (C:\\Users\\Daniel\\node_modules\\mysql\\lib\\protocol\\sequences\\Sequence.js:83:24)\n    at Query.ErrorPacket (C:\\Users\\Daniel\\node_modules\\mysql\\lib\\protocol\\sequences\\Query.js:92:8)\n    at Protocol._parsePacket (C:\\Users\\Daniel\\node_modules\\mysql\\lib\\protocol\\Protocol.js:291:23)\n    at Parser._parsePacket (C:\\Users\\Daniel\\node_modules\\mysql\\lib\\protocol\\Parser.js:433:10)\n    at Parser.write (C:\\Users\\Daniel\\node_modules\\mysql\\lib\\protocol\\Parser.js:43:10)\n    at Protocol.write (C:\\Users\\Daniel\\node_modules\\mysql\\lib\\protocol\\Protocol.js:38:16)\n    at Socket.<anonymous> (C:\\Users\\Daniel\\node_modules\\mysql\\lib\\Connection.js:88:28)', 'ER_NO_REFERENCED_ROW_2: Cannot add or update a child row: a foreign key constraint fails (`aplo`.`business_requests`, CONSTRAINT `FK_brand_01` FOREIGN KEY (`brand_id`) REFERENCES `brand` (`id`) ON DELETE SET NULL ON UPDATE SET NULL)', '2022-07-04 17:26:53'),
(3, 2, 'business_request-createBusinessRequest', 'QueryFailedError: ER_NO_DEFAULT_FOR_FIELD: Field \'brand_name\' doesn\'t have a default value\n    at Query.<anonymous> (C:\\Users\\Daniel\\Desktop\\Aplo\\api\\src\\driver\\mysql\\MysqlQueryRunner.ts:222:33)\n    at Query.<anonymous> (C:\\Users\\Daniel\\node_modules\\mysql\\lib\\Connection.js:526:10)\n    at Query._callback (C:\\Users\\Daniel\\node_modules\\mysql\\lib\\Connection.js:488:16)\n    at Query.Sequence.end (C:\\Users\\Daniel\\node_modules\\mysql\\lib\\protocol\\sequences\\Sequence.js:83:24)\n    at Query.ErrorPacket (C:\\Users\\Daniel\\node_modules\\mysql\\lib\\protocol\\sequences\\Query.js:92:8)\n    at Protocol._parsePacket (C:\\Users\\Daniel\\node_modules\\mysql\\lib\\protocol\\Protocol.js:291:23)\n    at Parser._parsePacket (C:\\Users\\Daniel\\node_modules\\mysql\\lib\\protocol\\Parser.js:433:10)\n    at Parser.write (C:\\Users\\Daniel\\node_modules\\mysql\\lib\\protocol\\Parser.js:43:10)\n    at Protocol.write (C:\\Users\\Daniel\\node_modules\\mysql\\lib\\protocol\\Protocol.js:38:16)\n    at Socket.<anonymous> (C:\\Users\\Daniel\\node_modules\\mysql\\lib\\Connection.js:88:28)', 'ER_NO_DEFAULT_FOR_FIELD: Field \'brand_name\' doesn\'t have a default value', '2022-07-05 13:10:34'),
(4, 2, 'business_request-createBusinessRequest', 'QueryFailedError: ER_NO_DEFAULT_FOR_FIELD: Field \'website\' doesn\'t have a default value\n    at Query.<anonymous> (C:\\Users\\Daniel\\Desktop\\Aplo\\api\\src\\driver\\mysql\\MysqlQueryRunner.ts:222:33)\n    at Query.<anonymous> (C:\\Users\\Daniel\\node_modules\\mysql\\lib\\Connection.js:526:10)\n    at Query._callback (C:\\Users\\Daniel\\node_modules\\mysql\\lib\\Connection.js:488:16)\n    at Query.Sequence.end (C:\\Users\\Daniel\\node_modules\\mysql\\lib\\protocol\\sequences\\Sequence.js:83:24)\n    at Query.ErrorPacket (C:\\Users\\Daniel\\node_modules\\mysql\\lib\\protocol\\sequences\\Query.js:92:8)\n    at Protocol._parsePacket (C:\\Users\\Daniel\\node_modules\\mysql\\lib\\protocol\\Protocol.js:291:23)\n    at Parser._parsePacket (C:\\Users\\Daniel\\node_modules\\mysql\\lib\\protocol\\Parser.js:433:10)\n    at Parser.write (C:\\Users\\Daniel\\node_modules\\mysql\\lib\\protocol\\Parser.js:43:10)\n    at Protocol.write (C:\\Users\\Daniel\\node_modules\\mysql\\lib\\protocol\\Protocol.js:38:16)\n    at Socket.<anonymous> (C:\\Users\\Daniel\\node_modules\\mysql\\lib\\Connection.js:88:28)', 'ER_NO_DEFAULT_FOR_FIELD: Field \'website\' doesn\'t have a default value', '2022-07-05 13:13:02'),
(5, 2, 'business_request-createBusinessRequest', 'QueryFailedError: ER_NO_DEFAULT_FOR_FIELD: Field \'website\' doesn\'t have a default value\n    at Query.<anonymous> (C:\\Users\\Daniel\\Desktop\\Aplo\\api\\src\\driver\\mysql\\MysqlQueryRunner.ts:222:33)\n    at Query.<anonymous> (C:\\Users\\Daniel\\node_modules\\mysql\\lib\\Connection.js:526:10)\n    at Query._callback (C:\\Users\\Daniel\\node_modules\\mysql\\lib\\Connection.js:488:16)\n    at Query.Sequence.end (C:\\Users\\Daniel\\node_modules\\mysql\\lib\\protocol\\sequences\\Sequence.js:83:24)\n    at Query.ErrorPacket (C:\\Users\\Daniel\\node_modules\\mysql\\lib\\protocol\\sequences\\Query.js:92:8)\n    at Protocol._parsePacket (C:\\Users\\Daniel\\node_modules\\mysql\\lib\\protocol\\Protocol.js:291:23)\n    at Parser._parsePacket (C:\\Users\\Daniel\\node_modules\\mysql\\lib\\protocol\\Parser.js:433:10)\n    at Parser.write (C:\\Users\\Daniel\\node_modules\\mysql\\lib\\protocol\\Parser.js:43:10)\n    at Protocol.write (C:\\Users\\Daniel\\node_modules\\mysql\\lib\\protocol\\Protocol.js:38:16)\n    at Socket.<anonymous> (C:\\Users\\Daniel\\node_modules\\mysql\\lib\\Connection.js:88:28)', 'ER_NO_DEFAULT_FOR_FIELD: Field \'website\' doesn\'t have a default value', '2022-07-05 13:15:06'),
(6, 2, 'business_request-createBusinessRequest', 'QueryFailedError: ER_NO_DEFAULT_FOR_FIELD: Field \'website\' doesn\'t have a default value\n    at Query.<anonymous> (C:\\Users\\Daniel\\Desktop\\Aplo\\api\\src\\driver\\mysql\\MysqlQueryRunner.ts:222:33)\n    at Query.<anonymous> (C:\\Users\\Daniel\\node_modules\\mysql\\lib\\Connection.js:526:10)\n    at Query._callback (C:\\Users\\Daniel\\node_modules\\mysql\\lib\\Connection.js:488:16)\n    at Query.Sequence.end (C:\\Users\\Daniel\\node_modules\\mysql\\lib\\protocol\\sequences\\Sequence.js:83:24)\n    at Query.ErrorPacket (C:\\Users\\Daniel\\node_modules\\mysql\\lib\\protocol\\sequences\\Query.js:92:8)\n    at Protocol._parsePacket (C:\\Users\\Daniel\\node_modules\\mysql\\lib\\protocol\\Protocol.js:291:23)\n    at Parser._parsePacket (C:\\Users\\Daniel\\node_modules\\mysql\\lib\\protocol\\Parser.js:433:10)\n    at Parser.write (C:\\Users\\Daniel\\node_modules\\mysql\\lib\\protocol\\Parser.js:43:10)\n    at Protocol.write (C:\\Users\\Daniel\\node_modules\\mysql\\lib\\protocol\\Protocol.js:38:16)\n    at Socket.<anonymous> (C:\\Users\\Daniel\\node_modules\\mysql\\lib\\Connection.js:88:28)', 'ER_NO_DEFAULT_FOR_FIELD: Field \'website\' doesn\'t have a default value', '2022-07-05 13:15:07'),
(7, 2, 'business_request-createBusinessRequest', 'QueryFailedError: ER_NO_DEFAULT_FOR_FIELD: Field \'brand_name\' doesn\'t have a default value\n    at Query.<anonymous> (C:\\Users\\Daniel\\Desktop\\Aplo\\api\\src\\driver\\mysql\\MysqlQueryRunner.ts:222:33)\n    at Query.<anonymous> (C:\\Users\\Daniel\\node_modules\\mysql\\lib\\Connection.js:526:10)\n    at Query._callback (C:\\Users\\Daniel\\node_modules\\mysql\\lib\\Connection.js:488:16)\n    at Query.Sequence.end (C:\\Users\\Daniel\\node_modules\\mysql\\lib\\protocol\\sequences\\Sequence.js:83:24)\n    at Query.ErrorPacket (C:\\Users\\Daniel\\node_modules\\mysql\\lib\\protocol\\sequences\\Query.js:92:8)\n    at Protocol._parsePacket (C:\\Users\\Daniel\\node_modules\\mysql\\lib\\protocol\\Protocol.js:291:23)\n    at Parser._parsePacket (C:\\Users\\Daniel\\node_modules\\mysql\\lib\\protocol\\Parser.js:433:10)\n    at Parser.write (C:\\Users\\Daniel\\node_modules\\mysql\\lib\\protocol\\Parser.js:43:10)\n    at Protocol.write (C:\\Users\\Daniel\\node_modules\\mysql\\lib\\protocol\\Protocol.js:38:16)\n    at Socket.<anonymous> (C:\\Users\\Daniel\\node_modules\\mysql\\lib\\Connection.js:88:28)', 'ER_NO_DEFAULT_FOR_FIELD: Field \'brand_name\' doesn\'t have a default value', '2022-07-05 13:15:49'),
(8, 2, 'business_request-createBusinessRequest', 'QueryFailedError: ER_NO_DEFAULT_FOR_FIELD: Field \'brand_name\' doesn\'t have a default value\n    at Query.<anonymous> (C:\\Users\\Daniel\\Desktop\\Aplo\\api\\src\\driver\\mysql\\MysqlQueryRunner.ts:222:33)\n    at Query.<anonymous> (C:\\Users\\Daniel\\node_modules\\mysql\\lib\\Connection.js:526:10)\n    at Query._callback (C:\\Users\\Daniel\\node_modules\\mysql\\lib\\Connection.js:488:16)\n    at Query.Sequence.end (C:\\Users\\Daniel\\node_modules\\mysql\\lib\\protocol\\sequences\\Sequence.js:83:24)\n    at Query.ErrorPacket (C:\\Users\\Daniel\\node_modules\\mysql\\lib\\protocol\\sequences\\Query.js:92:8)\n    at Protocol._parsePacket (C:\\Users\\Daniel\\node_modules\\mysql\\lib\\protocol\\Protocol.js:291:23)\n    at Parser._parsePacket (C:\\Users\\Daniel\\node_modules\\mysql\\lib\\protocol\\Parser.js:433:10)\n    at Parser.write (C:\\Users\\Daniel\\node_modules\\mysql\\lib\\protocol\\Parser.js:43:10)\n    at Protocol.write (C:\\Users\\Daniel\\node_modules\\mysql\\lib\\protocol\\Protocol.js:38:16)\n    at Socket.<anonymous> (C:\\Users\\Daniel\\node_modules\\mysql\\lib\\Connection.js:88:28)', 'ER_NO_DEFAULT_FOR_FIELD: Field \'brand_name\' doesn\'t have a default value', '2022-07-05 13:18:28'),
(9, 2, 'business_request-createBusinessRequest', 'QueryFailedError: ER_NO_DEFAULT_FOR_FIELD: Field \'brand_name\' doesn\'t have a default value\n    at Query.<anonymous> (C:\\Users\\Daniel\\Desktop\\Aplo\\api\\src\\driver\\mysql\\MysqlQueryRunner.ts:222:33)\n    at Query.<anonymous> (C:\\Users\\Daniel\\node_modules\\mysql\\lib\\Connection.js:526:10)\n    at Query._callback (C:\\Users\\Daniel\\node_modules\\mysql\\lib\\Connection.js:488:16)\n    at Query.Sequence.end (C:\\Users\\Daniel\\node_modules\\mysql\\lib\\protocol\\sequences\\Sequence.js:83:24)\n    at Query.ErrorPacket (C:\\Users\\Daniel\\node_modules\\mysql\\lib\\protocol\\sequences\\Query.js:92:8)\n    at Protocol._parsePacket (C:\\Users\\Daniel\\node_modules\\mysql\\lib\\protocol\\Protocol.js:291:23)\n    at Parser._parsePacket (C:\\Users\\Daniel\\node_modules\\mysql\\lib\\protocol\\Parser.js:433:10)\n    at Parser.write (C:\\Users\\Daniel\\node_modules\\mysql\\lib\\protocol\\Parser.js:43:10)\n    at Protocol.write (C:\\Users\\Daniel\\node_modules\\mysql\\lib\\protocol\\Protocol.js:38:16)\n    at Socket.<anonymous> (C:\\Users\\Daniel\\node_modules\\mysql\\lib\\Connection.js:88:28)', 'ER_NO_DEFAULT_FOR_FIELD: Field \'brand_name\' doesn\'t have a default value', '2022-07-05 13:19:28'),
(10, 2, 'business_request-createBusinessRequest', 'QueryFailedError: ER_NO_DEFAULT_FOR_FIELD: Field \'brand_name\' doesn\'t have a default value\n    at Query.<anonymous> (C:\\Users\\Daniel\\Desktop\\Aplo\\api\\src\\driver\\mysql\\MysqlQueryRunner.ts:222:33)\n    at Query.<anonymous> (C:\\Users\\Daniel\\node_modules\\mysql\\lib\\Connection.js:526:10)\n    at Query._callback (C:\\Users\\Daniel\\node_modules\\mysql\\lib\\Connection.js:488:16)\n    at Query.Sequence.end (C:\\Users\\Daniel\\node_modules\\mysql\\lib\\protocol\\sequences\\Sequence.js:83:24)\n    at Query.ErrorPacket (C:\\Users\\Daniel\\node_modules\\mysql\\lib\\protocol\\sequences\\Query.js:92:8)\n    at Protocol._parsePacket (C:\\Users\\Daniel\\node_modules\\mysql\\lib\\protocol\\Protocol.js:291:23)\n    at Parser._parsePacket (C:\\Users\\Daniel\\node_modules\\mysql\\lib\\protocol\\Parser.js:433:10)\n    at Parser.write (C:\\Users\\Daniel\\node_modules\\mysql\\lib\\protocol\\Parser.js:43:10)\n    at Protocol.write (C:\\Users\\Daniel\\node_modules\\mysql\\lib\\protocol\\Protocol.js:38:16)\n    at Socket.<anonymous> (C:\\Users\\Daniel\\node_modules\\mysql\\lib\\Connection.js:88:28)', 'ER_NO_DEFAULT_FOR_FIELD: Field \'brand_name\' doesn\'t have a default value', '2022-07-05 13:19:50'),
(11, 2, 'business_request-createBusinessRequest', 'QueryFailedError: ER_NO_DEFAULT_FOR_FIELD: Field \'brand_name\' doesn\'t have a default value\n    at Query.<anonymous> (C:\\Users\\Daniel\\Desktop\\Aplo\\api\\src\\driver\\mysql\\MysqlQueryRunner.ts:222:33)\n    at Query.<anonymous> (C:\\Users\\Daniel\\node_modules\\mysql\\lib\\Connection.js:526:10)\n    at Query._callback (C:\\Users\\Daniel\\node_modules\\mysql\\lib\\Connection.js:488:16)\n    at Query.Sequence.end (C:\\Users\\Daniel\\node_modules\\mysql\\lib\\protocol\\sequences\\Sequence.js:83:24)\n    at Query.ErrorPacket (C:\\Users\\Daniel\\node_modules\\mysql\\lib\\protocol\\sequences\\Query.js:92:8)\n    at Protocol._parsePacket (C:\\Users\\Daniel\\node_modules\\mysql\\lib\\protocol\\Protocol.js:291:23)\n    at Parser._parsePacket (C:\\Users\\Daniel\\node_modules\\mysql\\lib\\protocol\\Parser.js:433:10)\n    at Parser.write (C:\\Users\\Daniel\\node_modules\\mysql\\lib\\protocol\\Parser.js:43:10)\n    at Protocol.write (C:\\Users\\Daniel\\node_modules\\mysql\\lib\\protocol\\Protocol.js:38:16)\n    at Socket.<anonymous> (C:\\Users\\Daniel\\node_modules\\mysql\\lib\\Connection.js:88:28)', 'ER_NO_DEFAULT_FOR_FIELD: Field \'brand_name\' doesn\'t have a default value', '2022-07-05 13:25:17'),
(12, 2, 'business_request-createBusinessRequest', 'QueryFailedError: ER_NO_DEFAULT_FOR_FIELD: Field \'brand_name\' doesn\'t have a default value\n    at Query.<anonymous> (C:\\Users\\Daniel\\Desktop\\Aplo\\api\\src\\driver\\mysql\\MysqlQueryRunner.ts:222:33)\n    at Query.<anonymous> (C:\\Users\\Daniel\\node_modules\\mysql\\lib\\Connection.js:526:10)\n    at Query._callback (C:\\Users\\Daniel\\node_modules\\mysql\\lib\\Connection.js:488:16)\n    at Query.Sequence.end (C:\\Users\\Daniel\\node_modules\\mysql\\lib\\protocol\\sequences\\Sequence.js:83:24)\n    at Query.ErrorPacket (C:\\Users\\Daniel\\node_modules\\mysql\\lib\\protocol\\sequences\\Query.js:92:8)\n    at Protocol._parsePacket (C:\\Users\\Daniel\\node_modules\\mysql\\lib\\protocol\\Protocol.js:291:23)\n    at Parser._parsePacket (C:\\Users\\Daniel\\node_modules\\mysql\\lib\\protocol\\Parser.js:433:10)\n    at Parser.write (C:\\Users\\Daniel\\node_modules\\mysql\\lib\\protocol\\Parser.js:43:10)\n    at Protocol.write (C:\\Users\\Daniel\\node_modules\\mysql\\lib\\protocol\\Protocol.js:38:16)\n    at Socket.<anonymous> (C:\\Users\\Daniel\\node_modules\\mysql\\lib\\Connection.js:88:28)', 'ER_NO_DEFAULT_FOR_FIELD: Field \'brand_name\' doesn\'t have a default value', '2022-07-05 13:28:50'),
(13, 2, 'business_request-createBusinessRequest', 'QueryFailedError: ER_NO_DEFAULT_FOR_FIELD: Field \'brand_name\' doesn\'t have a default value\n    at Query.<anonymous> (C:\\Users\\Daniel\\Desktop\\Aplo\\api\\src\\driver\\mysql\\MysqlQueryRunner.ts:222:33)\n    at Query.<anonymous> (C:\\Users\\Daniel\\node_modules\\mysql\\lib\\Connection.js:526:10)\n    at Query._callback (C:\\Users\\Daniel\\node_modules\\mysql\\lib\\Connection.js:488:16)\n    at Query.Sequence.end (C:\\Users\\Daniel\\node_modules\\mysql\\lib\\protocol\\sequences\\Sequence.js:83:24)\n    at Query.ErrorPacket (C:\\Users\\Daniel\\node_modules\\mysql\\lib\\protocol\\sequences\\Query.js:92:8)\n    at Protocol._parsePacket (C:\\Users\\Daniel\\node_modules\\mysql\\lib\\protocol\\Protocol.js:291:23)\n    at Parser._parsePacket (C:\\Users\\Daniel\\node_modules\\mysql\\lib\\protocol\\Parser.js:433:10)\n    at Parser.write (C:\\Users\\Daniel\\node_modules\\mysql\\lib\\protocol\\Parser.js:43:10)\n    at Protocol.write (C:\\Users\\Daniel\\node_modules\\mysql\\lib\\protocol\\Protocol.js:38:16)\n    at Socket.<anonymous> (C:\\Users\\Daniel\\node_modules\\mysql\\lib\\Connection.js:88:28)', 'ER_NO_DEFAULT_FOR_FIELD: Field \'brand_name\' doesn\'t have a default value', '2022-07-05 13:29:26'),
(14, 2, 'business_request-createBusinessRequest', 'QueryFailedError: ER_NO_DEFAULT_FOR_FIELD: Field \'brand_name\' doesn\'t have a default value\n    at Query.<anonymous> (C:\\Users\\Daniel\\Desktop\\Aplo\\api\\src\\driver\\mysql\\MysqlQueryRunner.ts:222:33)\n    at Query.<anonymous> (C:\\Users\\Daniel\\node_modules\\mysql\\lib\\Connection.js:526:10)\n    at Query._callback (C:\\Users\\Daniel\\node_modules\\mysql\\lib\\Connection.js:488:16)\n    at Query.Sequence.end (C:\\Users\\Daniel\\node_modules\\mysql\\lib\\protocol\\sequences\\Sequence.js:83:24)\n    at Query.ErrorPacket (C:\\Users\\Daniel\\node_modules\\mysql\\lib\\protocol\\sequences\\Query.js:92:8)\n    at Protocol._parsePacket (C:\\Users\\Daniel\\node_modules\\mysql\\lib\\protocol\\Protocol.js:291:23)\n    at Parser._parsePacket (C:\\Users\\Daniel\\node_modules\\mysql\\lib\\protocol\\Parser.js:433:10)\n    at Parser.write (C:\\Users\\Daniel\\node_modules\\mysql\\lib\\protocol\\Parser.js:43:10)\n    at Protocol.write (C:\\Users\\Daniel\\node_modules\\mysql\\lib\\protocol\\Protocol.js:38:16)\n    at Socket.<anonymous> (C:\\Users\\Daniel\\node_modules\\mysql\\lib\\Connection.js:88:28)', 'ER_NO_DEFAULT_FOR_FIELD: Field \'brand_name\' doesn\'t have a default value', '2022-07-05 13:32:14'),
(15, 2, 'business_request-createBusinessRequest', 'QueryFailedError: ER_NO_DEFAULT_FOR_FIELD: Field \'brand_name\' doesn\'t have a default value\n    at Query.<anonymous> (C:\\Users\\Daniel\\Desktop\\Aplo\\api\\src\\driver\\mysql\\MysqlQueryRunner.ts:222:33)\n    at Query.<anonymous> (C:\\Users\\Daniel\\node_modules\\mysql\\lib\\Connection.js:526:10)\n    at Query._callback (C:\\Users\\Daniel\\node_modules\\mysql\\lib\\Connection.js:488:16)\n    at Query.Sequence.end (C:\\Users\\Daniel\\node_modules\\mysql\\lib\\protocol\\sequences\\Sequence.js:83:24)\n    at Query.ErrorPacket (C:\\Users\\Daniel\\node_modules\\mysql\\lib\\protocol\\sequences\\Query.js:92:8)\n    at Protocol._parsePacket (C:\\Users\\Daniel\\node_modules\\mysql\\lib\\protocol\\Protocol.js:291:23)\n    at Parser._parsePacket (C:\\Users\\Daniel\\node_modules\\mysql\\lib\\protocol\\Parser.js:433:10)\n    at Parser.write (C:\\Users\\Daniel\\node_modules\\mysql\\lib\\protocol\\Parser.js:43:10)\n    at Protocol.write (C:\\Users\\Daniel\\node_modules\\mysql\\lib\\protocol\\Protocol.js:38:16)\n    at Socket.<anonymous> (C:\\Users\\Daniel\\node_modules\\mysql\\lib\\Connection.js:88:28)', 'ER_NO_DEFAULT_FOR_FIELD: Field \'brand_name\' doesn\'t have a default value', '2022-07-05 13:34:39'),
(16, 2, 'business_request-createBusinessRequest', 'QueryFailedError: ER_NO_DEFAULT_FOR_FIELD: Field \'brand_name\' doesn\'t have a default value\n    at Query.<anonymous> (C:\\Users\\Daniel\\Desktop\\Aplo\\api\\src\\driver\\mysql\\MysqlQueryRunner.ts:222:33)\n    at Query.<anonymous> (C:\\Users\\Daniel\\node_modules\\mysql\\lib\\Connection.js:526:10)\n    at Query._callback (C:\\Users\\Daniel\\node_modules\\mysql\\lib\\Connection.js:488:16)\n    at Query.Sequence.end (C:\\Users\\Daniel\\node_modules\\mysql\\lib\\protocol\\sequences\\Sequence.js:83:24)\n    at Query.ErrorPacket (C:\\Users\\Daniel\\node_modules\\mysql\\lib\\protocol\\sequences\\Query.js:92:8)\n    at Protocol._parsePacket (C:\\Users\\Daniel\\node_modules\\mysql\\lib\\protocol\\Protocol.js:291:23)\n    at Parser._parsePacket (C:\\Users\\Daniel\\node_modules\\mysql\\lib\\protocol\\Parser.js:433:10)\n    at Parser.write (C:\\Users\\Daniel\\node_modules\\mysql\\lib\\protocol\\Parser.js:43:10)\n    at Protocol.write (C:\\Users\\Daniel\\node_modules\\mysql\\lib\\protocol\\Protocol.js:38:16)\n    at Socket.<anonymous> (C:\\Users\\Daniel\\node_modules\\mysql\\lib\\Connection.js:88:28)', 'ER_NO_DEFAULT_FOR_FIELD: Field \'brand_name\' doesn\'t have a default value', '2022-07-05 13:34:55'),
(17, 2, 'business_request-createBusinessRequest', 'QueryFailedError: ER_NO_DEFAULT_FOR_FIELD: Field \'brand_name\' doesn\'t have a default value\n    at Query.<anonymous> (C:\\Users\\Daniel\\Desktop\\Aplo\\api\\src\\driver\\mysql\\MysqlQueryRunner.ts:222:33)\n    at Query.<anonymous> (C:\\Users\\Daniel\\node_modules\\mysql\\lib\\Connection.js:526:10)\n    at Query._callback (C:\\Users\\Daniel\\node_modules\\mysql\\lib\\Connection.js:488:16)\n    at Query.Sequence.end (C:\\Users\\Daniel\\node_modules\\mysql\\lib\\protocol\\sequences\\Sequence.js:83:24)\n    at Query.ErrorPacket (C:\\Users\\Daniel\\node_modules\\mysql\\lib\\protocol\\sequences\\Query.js:92:8)\n    at Protocol._parsePacket (C:\\Users\\Daniel\\node_modules\\mysql\\lib\\protocol\\Protocol.js:291:23)\n    at Parser._parsePacket (C:\\Users\\Daniel\\node_modules\\mysql\\lib\\protocol\\Parser.js:433:10)\n    at Parser.write (C:\\Users\\Daniel\\node_modules\\mysql\\lib\\protocol\\Parser.js:43:10)\n    at Protocol.write (C:\\Users\\Daniel\\node_modules\\mysql\\lib\\protocol\\Protocol.js:38:16)\n    at Socket.<anonymous> (C:\\Users\\Daniel\\node_modules\\mysql\\lib\\Connection.js:88:28)', 'ER_NO_DEFAULT_FOR_FIELD: Field \'brand_name\' doesn\'t have a default value', '2022-07-05 14:07:57'),
(18, 2, 'business_request-createBusinessRequest', 'QueryFailedError: ER_NO_DEFAULT_FOR_FIELD: Field \'brand_name\' doesn\'t have a default value\n    at Query.<anonymous> (C:\\Users\\Daniel\\Desktop\\Aplo\\api\\src\\driver\\mysql\\MysqlQueryRunner.ts:222:33)\n    at Query.<anonymous> (C:\\Users\\Daniel\\node_modules\\mysql\\lib\\Connection.js:526:10)\n    at Query._callback (C:\\Users\\Daniel\\node_modules\\mysql\\lib\\Connection.js:488:16)\n    at Query.Sequence.end (C:\\Users\\Daniel\\node_modules\\mysql\\lib\\protocol\\sequences\\Sequence.js:83:24)\n    at Query.ErrorPacket (C:\\Users\\Daniel\\node_modules\\mysql\\lib\\protocol\\sequences\\Query.js:92:8)\n    at Protocol._parsePacket (C:\\Users\\Daniel\\node_modules\\mysql\\lib\\protocol\\Protocol.js:291:23)\n    at Parser._parsePacket (C:\\Users\\Daniel\\node_modules\\mysql\\lib\\protocol\\Parser.js:433:10)\n    at Parser.write (C:\\Users\\Daniel\\node_modules\\mysql\\lib\\protocol\\Parser.js:43:10)\n    at Protocol.write (C:\\Users\\Daniel\\node_modules\\mysql\\lib\\protocol\\Protocol.js:38:16)\n    at Socket.<anonymous> (C:\\Users\\Daniel\\node_modules\\mysql\\lib\\Connection.js:88:28)', 'ER_NO_DEFAULT_FOR_FIELD: Field \'brand_name\' doesn\'t have a default value', '2022-07-05 14:12:04'),
(19, 2, 'business_request-createBusinessRequest', 'MustBeEntityError: Cannot save, given value must be an entity, instead \"undefined\" is given.\n    at EntityPersistExecutor.execute (C:\\Users\\Daniel\\Desktop\\Aplo\\api\\src\\persistence\\EntityPersistExecutor.ts:44:35)\n    at EntityManager.save (C:\\Users\\Daniel\\Desktop\\Aplo\\api\\src\\entity-manager\\EntityManager.ts:437:14)\n    at Repository.save (C:\\Users\\Daniel\\Desktop\\Aplo\\api\\src\\repository\\Repository.ts:204:29)\n    at BusinessRequestService.create (C:\\Users\\Daniel\\Desktop\\Aplo\\api\\src\\business_request\\business_request.service.ts:20:32)\n    at BusinessRequestController.createBusinessRequest (C:\\Users\\Daniel\\Desktop\\Aplo\\api\\src\\business_request\\business_request.controller.ts:40:55)\n    at C:\\Users\\Daniel\\Desktop\\Aplo\\api\\node_modules\\@nestjs\\core\\router\\router-execution-context.js:38:29\n    at C:\\Users\\Daniel\\Desktop\\Aplo\\api\\node_modules\\@nestjs\\core\\router\\router-execution-context.js:46:28\n    at C:\\Users\\Daniel\\Desktop\\Aplo\\api\\node_modules\\@nestjs\\core\\router\\router-proxy.js:9:17', 'Cannot save, given value must be an entity, instead \"undefined\" is given.', '2022-07-05 14:13:18'),
(20, 2, 'business_request-createBusinessRequest', 'QueryFailedError: ER_NO_DEFAULT_FOR_FIELD: Field \'brand_name\' doesn\'t have a default value\n    at Query.<anonymous> (C:\\Users\\Daniel\\Desktop\\Aplo\\api\\src\\driver\\mysql\\MysqlQueryRunner.ts:222:33)\n    at Query.<anonymous> (C:\\Users\\Daniel\\node_modules\\mysql\\lib\\Connection.js:526:10)\n    at Query._callback (C:\\Users\\Daniel\\node_modules\\mysql\\lib\\Connection.js:488:16)\n    at Query.Sequence.end (C:\\Users\\Daniel\\node_modules\\mysql\\lib\\protocol\\sequences\\Sequence.js:83:24)\n    at Query.ErrorPacket (C:\\Users\\Daniel\\node_modules\\mysql\\lib\\protocol\\sequences\\Query.js:92:8)\n    at Protocol._parsePacket (C:\\Users\\Daniel\\node_modules\\mysql\\lib\\protocol\\Protocol.js:291:23)\n    at Parser._parsePacket (C:\\Users\\Daniel\\node_modules\\mysql\\lib\\protocol\\Parser.js:433:10)\n    at Parser.write (C:\\Users\\Daniel\\node_modules\\mysql\\lib\\protocol\\Parser.js:43:10)\n    at Protocol.write (C:\\Users\\Daniel\\node_modules\\mysql\\lib\\protocol\\Protocol.js:38:16)\n    at Socket.<anonymous> (C:\\Users\\Daniel\\node_modules\\mysql\\lib\\Connection.js:88:28)', 'ER_NO_DEFAULT_FOR_FIELD: Field \'brand_name\' doesn\'t have a default value', '2022-07-05 14:14:14'),
(21, 2, 'business_request-createBusinessRequest', 'QueryFailedError: ER_NO_DEFAULT_FOR_FIELD: Field \'brand_name\' doesn\'t have a default value\n    at Query.<anonymous> (C:\\Users\\Daniel\\Desktop\\Aplo\\api\\src\\driver\\mysql\\MysqlQueryRunner.ts:222:33)\n    at Query.<anonymous> (C:\\Users\\Daniel\\node_modules\\mysql\\lib\\Connection.js:526:10)\n    at Query._callback (C:\\Users\\Daniel\\node_modules\\mysql\\lib\\Connection.js:488:16)\n    at Query.Sequence.end (C:\\Users\\Daniel\\node_modules\\mysql\\lib\\protocol\\sequences\\Sequence.js:83:24)\n    at Query.ErrorPacket (C:\\Users\\Daniel\\node_modules\\mysql\\lib\\protocol\\sequences\\Query.js:92:8)\n    at Protocol._parsePacket (C:\\Users\\Daniel\\node_modules\\mysql\\lib\\protocol\\Protocol.js:291:23)\n    at Parser._parsePacket (C:\\Users\\Daniel\\node_modules\\mysql\\lib\\protocol\\Parser.js:433:10)\n    at Parser.write (C:\\Users\\Daniel\\node_modules\\mysql\\lib\\protocol\\Parser.js:43:10)\n    at Protocol.write (C:\\Users\\Daniel\\node_modules\\mysql\\lib\\protocol\\Protocol.js:38:16)\n    at Socket.<anonymous> (C:\\Users\\Daniel\\node_modules\\mysql\\lib\\Connection.js:88:28)', 'ER_NO_DEFAULT_FOR_FIELD: Field \'brand_name\' doesn\'t have a default value', '2022-07-05 14:19:42'),
(22, 2, 'business_request-createBusinessRequest', 'QueryFailedError: ER_NO_DEFAULT_FOR_FIELD: Field \'brand_name\' doesn\'t have a default value\n    at Query.<anonymous> (C:\\Users\\Daniel\\Desktop\\Aplo\\api\\src\\driver\\mysql\\MysqlQueryRunner.ts:222:33)\n    at Query.<anonymous> (C:\\Users\\Daniel\\node_modules\\mysql\\lib\\Connection.js:526:10)\n    at Query._callback (C:\\Users\\Daniel\\node_modules\\mysql\\lib\\Connection.js:488:16)\n    at Query.Sequence.end (C:\\Users\\Daniel\\node_modules\\mysql\\lib\\protocol\\sequences\\Sequence.js:83:24)\n    at Query.ErrorPacket (C:\\Users\\Daniel\\node_modules\\mysql\\lib\\protocol\\sequences\\Query.js:92:8)\n    at Protocol._parsePacket (C:\\Users\\Daniel\\node_modules\\mysql\\lib\\protocol\\Protocol.js:291:23)\n    at Parser._parsePacket (C:\\Users\\Daniel\\node_modules\\mysql\\lib\\protocol\\Parser.js:433:10)\n    at Parser.write (C:\\Users\\Daniel\\node_modules\\mysql\\lib\\protocol\\Parser.js:43:10)\n    at Protocol.write (C:\\Users\\Daniel\\node_modules\\mysql\\lib\\protocol\\Protocol.js:38:16)\n    at Socket.<anonymous> (C:\\Users\\Daniel\\node_modules\\mysql\\lib\\Connection.js:88:28)', 'ER_NO_DEFAULT_FOR_FIELD: Field \'brand_name\' doesn\'t have a default value', '2022-07-05 14:20:02'),
(23, 2, 'business_request-createBusinessRequest', 'QueryFailedError: ER_NO_DEFAULT_FOR_FIELD: Field \'brand_name\' doesn\'t have a default value\n    at Query.<anonymous> (C:\\Users\\Daniel\\Desktop\\Aplo\\api\\src\\driver\\mysql\\MysqlQueryRunner.ts:222:33)\n    at Query.<anonymous> (C:\\Users\\Daniel\\node_modules\\mysql\\lib\\Connection.js:526:10)\n    at Query._callback (C:\\Users\\Daniel\\node_modules\\mysql\\lib\\Connection.js:488:16)\n    at Query.Sequence.end (C:\\Users\\Daniel\\node_modules\\mysql\\lib\\protocol\\sequences\\Sequence.js:83:24)\n    at Query.ErrorPacket (C:\\Users\\Daniel\\node_modules\\mysql\\lib\\protocol\\sequences\\Query.js:92:8)\n    at Protocol._parsePacket (C:\\Users\\Daniel\\node_modules\\mysql\\lib\\protocol\\Protocol.js:291:23)\n    at Parser._parsePacket (C:\\Users\\Daniel\\node_modules\\mysql\\lib\\protocol\\Parser.js:433:10)\n    at Parser.write (C:\\Users\\Daniel\\node_modules\\mysql\\lib\\protocol\\Parser.js:43:10)\n    at Protocol.write (C:\\Users\\Daniel\\node_modules\\mysql\\lib\\protocol\\Protocol.js:38:16)\n    at Socket.<anonymous> (C:\\Users\\Daniel\\node_modules\\mysql\\lib\\Connection.js:88:28)', 'ER_NO_DEFAULT_FOR_FIELD: Field \'brand_name\' doesn\'t have a default value', '2022-07-05 14:24:49'),
(24, 2, 'business_request-createBusinessRequest', 'QueryFailedError: ER_NO_DEFAULT_FOR_FIELD: Field \'brand_name\' doesn\'t have a default value\n    at Query.<anonymous> (C:\\Users\\Daniel\\Desktop\\Aplo\\api\\src\\driver\\mysql\\MysqlQueryRunner.ts:222:33)\n    at Query.<anonymous> (C:\\Users\\Daniel\\node_modules\\mysql\\lib\\Connection.js:526:10)\n    at Query._callback (C:\\Users\\Daniel\\node_modules\\mysql\\lib\\Connection.js:488:16)\n    at Query.Sequence.end (C:\\Users\\Daniel\\node_modules\\mysql\\lib\\protocol\\sequences\\Sequence.js:83:24)\n    at Query.ErrorPacket (C:\\Users\\Daniel\\node_modules\\mysql\\lib\\protocol\\sequences\\Query.js:92:8)\n    at Protocol._parsePacket (C:\\Users\\Daniel\\node_modules\\mysql\\lib\\protocol\\Protocol.js:291:23)\n    at Parser._parsePacket (C:\\Users\\Daniel\\node_modules\\mysql\\lib\\protocol\\Parser.js:433:10)\n    at Parser.write (C:\\Users\\Daniel\\node_modules\\mysql\\lib\\protocol\\Parser.js:43:10)\n    at Protocol.write (C:\\Users\\Daniel\\node_modules\\mysql\\lib\\protocol\\Protocol.js:38:16)\n    at Socket.<anonymous> (C:\\Users\\Daniel\\node_modules\\mysql\\lib\\Connection.js:88:28)', 'ER_NO_DEFAULT_FOR_FIELD: Field \'brand_name\' doesn\'t have a default value', '2022-07-05 14:25:20'),
(25, 2, 'business_request-createBusinessRequest', 'QueryFailedError: ER_NO_DEFAULT_FOR_FIELD: Field \'brand_name\' doesn\'t have a default value\n    at Query.<anonymous> (C:\\Users\\Daniel\\Desktop\\Aplo\\api\\src\\driver\\mysql\\MysqlQueryRunner.ts:222:33)\n    at Query.<anonymous> (C:\\Users\\Daniel\\node_modules\\mysql\\lib\\Connection.js:526:10)\n    at Query._callback (C:\\Users\\Daniel\\node_modules\\mysql\\lib\\Connection.js:488:16)\n    at Query.Sequence.end (C:\\Users\\Daniel\\node_modules\\mysql\\lib\\protocol\\sequences\\Sequence.js:83:24)\n    at Query.ErrorPacket (C:\\Users\\Daniel\\node_modules\\mysql\\lib\\protocol\\sequences\\Query.js:92:8)\n    at Protocol._parsePacket (C:\\Users\\Daniel\\node_modules\\mysql\\lib\\protocol\\Protocol.js:291:23)\n    at Parser._parsePacket (C:\\Users\\Daniel\\node_modules\\mysql\\lib\\protocol\\Parser.js:433:10)\n    at Parser.write (C:\\Users\\Daniel\\node_modules\\mysql\\lib\\protocol\\Parser.js:43:10)\n    at Protocol.write (C:\\Users\\Daniel\\node_modules\\mysql\\lib\\protocol\\Protocol.js:38:16)\n    at Socket.<anonymous> (C:\\Users\\Daniel\\node_modules\\mysql\\lib\\Connection.js:88:28)', 'ER_NO_DEFAULT_FOR_FIELD: Field \'brand_name\' doesn\'t have a default value', '2022-07-05 14:26:20'),
(26, 2, 'business_request-createBusinessRequest', 'QueryFailedError: ER_NO_DEFAULT_FOR_FIELD: Field \'brand_name\' doesn\'t have a default value\n    at Query.<anonymous> (C:\\Users\\Daniel\\Desktop\\Aplo\\api\\src\\driver\\mysql\\MysqlQueryRunner.ts:222:33)\n    at Query.<anonymous> (C:\\Users\\Daniel\\node_modules\\mysql\\lib\\Connection.js:526:10)\n    at Query._callback (C:\\Users\\Daniel\\node_modules\\mysql\\lib\\Connection.js:488:16)\n    at Query.Sequence.end (C:\\Users\\Daniel\\node_modules\\mysql\\lib\\protocol\\sequences\\Sequence.js:83:24)\n    at Query.ErrorPacket (C:\\Users\\Daniel\\node_modules\\mysql\\lib\\protocol\\sequences\\Query.js:92:8)\n    at Protocol._parsePacket (C:\\Users\\Daniel\\node_modules\\mysql\\lib\\protocol\\Protocol.js:291:23)\n    at Parser._parsePacket (C:\\Users\\Daniel\\node_modules\\mysql\\lib\\protocol\\Parser.js:433:10)\n    at Parser.write (C:\\Users\\Daniel\\node_modules\\mysql\\lib\\protocol\\Parser.js:43:10)\n    at Protocol.write (C:\\Users\\Daniel\\node_modules\\mysql\\lib\\protocol\\Protocol.js:38:16)\n    at Socket.<anonymous> (C:\\Users\\Daniel\\node_modules\\mysql\\lib\\Connection.js:88:28)', 'ER_NO_DEFAULT_FOR_FIELD: Field \'brand_name\' doesn\'t have a default value', '2022-07-05 14:27:28'),
(27, 2, 'business_request-createBusinessRequest', 'QueryFailedError: ER_NO_DEFAULT_FOR_FIELD: Field \'website\' doesn\'t have a default value\n    at Query.<anonymous> (C:\\Users\\Daniel\\Desktop\\Aplo\\api\\src\\driver\\mysql\\MysqlQueryRunner.ts:222:33)\n    at Query.<anonymous> (C:\\Users\\Daniel\\node_modules\\mysql\\lib\\Connection.js:526:10)\n    at Query._callback (C:\\Users\\Daniel\\node_modules\\mysql\\lib\\Connection.js:488:16)\n    at Query.Sequence.end (C:\\Users\\Daniel\\node_modules\\mysql\\lib\\protocol\\sequences\\Sequence.js:83:24)\n    at Query.ErrorPacket (C:\\Users\\Daniel\\node_modules\\mysql\\lib\\protocol\\sequences\\Query.js:92:8)\n    at Protocol._parsePacket (C:\\Users\\Daniel\\node_modules\\mysql\\lib\\protocol\\Protocol.js:291:23)\n    at Parser._parsePacket (C:\\Users\\Daniel\\node_modules\\mysql\\lib\\protocol\\Parser.js:433:10)\n    at Parser.write (C:\\Users\\Daniel\\node_modules\\mysql\\lib\\protocol\\Parser.js:43:10)\n    at Protocol.write (C:\\Users\\Daniel\\node_modules\\mysql\\lib\\protocol\\Protocol.js:38:16)\n    at Socket.<anonymous> (C:\\Users\\Daniel\\node_modules\\mysql\\lib\\Connection.js:88:28)', 'ER_NO_DEFAULT_FOR_FIELD: Field \'website\' doesn\'t have a default value', '2022-07-05 14:28:15'),
(28, 2, 'business_request-createBusinessRequest', 'QueryFailedError: ER_NO_DEFAULT_FOR_FIELD: Field \'brand_name\' doesn\'t have a default value\n    at Query.<anonymous> (C:\\Users\\Daniel\\Desktop\\Aplo\\api\\src\\driver\\mysql\\MysqlQueryRunner.ts:222:33)\n    at Query.<anonymous> (C:\\Users\\Daniel\\node_modules\\mysql\\lib\\Connection.js:526:10)\n    at Query._callback (C:\\Users\\Daniel\\node_modules\\mysql\\lib\\Connection.js:488:16)\n    at Query.Sequence.end (C:\\Users\\Daniel\\node_modules\\mysql\\lib\\protocol\\sequences\\Sequence.js:83:24)\n    at Query.ErrorPacket (C:\\Users\\Daniel\\node_modules\\mysql\\lib\\protocol\\sequences\\Query.js:92:8)\n    at Protocol._parsePacket (C:\\Users\\Daniel\\node_modules\\mysql\\lib\\protocol\\Protocol.js:291:23)\n    at Parser._parsePacket (C:\\Users\\Daniel\\node_modules\\mysql\\lib\\protocol\\Parser.js:433:10)\n    at Parser.write (C:\\Users\\Daniel\\node_modules\\mysql\\lib\\protocol\\Parser.js:43:10)\n    at Protocol.write (C:\\Users\\Daniel\\node_modules\\mysql\\lib\\protocol\\Protocol.js:38:16)\n    at Socket.<anonymous> (C:\\Users\\Daniel\\node_modules\\mysql\\lib\\Connection.js:88:28)', 'ER_NO_DEFAULT_FOR_FIELD: Field \'brand_name\' doesn\'t have a default value', '2022-07-05 14:34:09'),
(29, 2, 'business_request-createBusinessRequest', 'QueryFailedError: ER_NO_DEFAULT_FOR_FIELD: Field \'brand_name\' doesn\'t have a default value\n    at Query.<anonymous> (C:\\Users\\Daniel\\Desktop\\Aplo\\api\\src\\driver\\mysql\\MysqlQueryRunner.ts:222:33)\n    at Query.<anonymous> (C:\\Users\\Daniel\\node_modules\\mysql\\lib\\Connection.js:526:10)\n    at Query._callback (C:\\Users\\Daniel\\node_modules\\mysql\\lib\\Connection.js:488:16)\n    at Query.Sequence.end (C:\\Users\\Daniel\\node_modules\\mysql\\lib\\protocol\\sequences\\Sequence.js:83:24)\n    at Query.ErrorPacket (C:\\Users\\Daniel\\node_modules\\mysql\\lib\\protocol\\sequences\\Query.js:92:8)\n    at Protocol._parsePacket (C:\\Users\\Daniel\\node_modules\\mysql\\lib\\protocol\\Protocol.js:291:23)\n    at Parser._parsePacket (C:\\Users\\Daniel\\node_modules\\mysql\\lib\\protocol\\Parser.js:433:10)\n    at Parser.write (C:\\Users\\Daniel\\node_modules\\mysql\\lib\\protocol\\Parser.js:43:10)\n    at Protocol.write (C:\\Users\\Daniel\\node_modules\\mysql\\lib\\protocol\\Protocol.js:38:16)\n    at Socket.<anonymous> (C:\\Users\\Daniel\\node_modules\\mysql\\lib\\Connection.js:88:28)', 'ER_NO_DEFAULT_FOR_FIELD: Field \'brand_name\' doesn\'t have a default value', '2022-07-05 14:34:46'),
(30, 2, 'business_request-createBusinessRequest', 'QueryFailedError: ER_NO_DEFAULT_FOR_FIELD: Field \'brand_name\' doesn\'t have a default value\n    at Query.<anonymous> (C:\\Users\\Daniel\\Desktop\\Aplo\\api\\src\\driver\\mysql\\MysqlQueryRunner.ts:222:33)\n    at Query.<anonymous> (C:\\Users\\Daniel\\node_modules\\mysql\\lib\\Connection.js:526:10)\n    at Query._callback (C:\\Users\\Daniel\\node_modules\\mysql\\lib\\Connection.js:488:16)\n    at Query.Sequence.end (C:\\Users\\Daniel\\node_modules\\mysql\\lib\\protocol\\sequences\\Sequence.js:83:24)\n    at Query.ErrorPacket (C:\\Users\\Daniel\\node_modules\\mysql\\lib\\protocol\\sequences\\Query.js:92:8)\n    at Protocol._parsePacket (C:\\Users\\Daniel\\node_modules\\mysql\\lib\\protocol\\Protocol.js:291:23)\n    at Parser._parsePacket (C:\\Users\\Daniel\\node_modules\\mysql\\lib\\protocol\\Parser.js:433:10)\n    at Parser.write (C:\\Users\\Daniel\\node_modules\\mysql\\lib\\protocol\\Parser.js:43:10)\n    at Protocol.write (C:\\Users\\Daniel\\node_modules\\mysql\\lib\\protocol\\Protocol.js:38:16)\n    at Socket.<anonymous> (C:\\Users\\Daniel\\node_modules\\mysql\\lib\\Connection.js:88:28)', 'ER_NO_DEFAULT_FOR_FIELD: Field \'brand_name\' doesn\'t have a default value', '2022-07-05 14:35:14'),
(31, 2, 'business_request-createBusinessRequest', 'QueryFailedError: ER_NO_DEFAULT_FOR_FIELD: Field \'brand_name\' doesn\'t have a default value\n    at Query.<anonymous> (C:\\Users\\Daniel\\Desktop\\Aplo\\api\\src\\driver\\mysql\\MysqlQueryRunner.ts:222:33)\n    at Query.<anonymous> (C:\\Users\\Daniel\\node_modules\\mysql\\lib\\Connection.js:526:10)\n    at Query._callback (C:\\Users\\Daniel\\node_modules\\mysql\\lib\\Connection.js:488:16)\n    at Query.Sequence.end (C:\\Users\\Daniel\\node_modules\\mysql\\lib\\protocol\\sequences\\Sequence.js:83:24)\n    at Query.ErrorPacket (C:\\Users\\Daniel\\node_modules\\mysql\\lib\\protocol\\sequences\\Query.js:92:8)\n    at Protocol._parsePacket (C:\\Users\\Daniel\\node_modules\\mysql\\lib\\protocol\\Protocol.js:291:23)\n    at Parser._parsePacket (C:\\Users\\Daniel\\node_modules\\mysql\\lib\\protocol\\Parser.js:433:10)\n    at Parser.write (C:\\Users\\Daniel\\node_modules\\mysql\\lib\\protocol\\Parser.js:43:10)\n    at Protocol.write (C:\\Users\\Daniel\\node_modules\\mysql\\lib\\protocol\\Protocol.js:38:16)\n    at Socket.<anonymous> (C:\\Users\\Daniel\\node_modules\\mysql\\lib\\Connection.js:88:28)', 'ER_NO_DEFAULT_FOR_FIELD: Field \'brand_name\' doesn\'t have a default value', '2022-07-05 14:44:09'),
(32, 2, 'business_request-createBusinessRequest', 'QueryFailedError: ER_NO_DEFAULT_FOR_FIELD: Field \'brand_name\' doesn\'t have a default value\n    at Query.<anonymous> (C:\\Users\\Daniel\\Desktop\\Aplo\\api\\src\\driver\\mysql\\MysqlQueryRunner.ts:222:33)\n    at Query.<anonymous> (C:\\Users\\Daniel\\node_modules\\mysql\\lib\\Connection.js:526:10)\n    at Query._callback (C:\\Users\\Daniel\\node_modules\\mysql\\lib\\Connection.js:488:16)\n    at Query.Sequence.end (C:\\Users\\Daniel\\node_modules\\mysql\\lib\\protocol\\sequences\\Sequence.js:83:24)\n    at Query.ErrorPacket (C:\\Users\\Daniel\\node_modules\\mysql\\lib\\protocol\\sequences\\Query.js:92:8)\n    at Protocol._parsePacket (C:\\Users\\Daniel\\node_modules\\mysql\\lib\\protocol\\Protocol.js:291:23)\n    at Parser._parsePacket (C:\\Users\\Daniel\\node_modules\\mysql\\lib\\protocol\\Parser.js:433:10)\n    at Parser.write (C:\\Users\\Daniel\\node_modules\\mysql\\lib\\protocol\\Parser.js:43:10)\n    at Protocol.write (C:\\Users\\Daniel\\node_modules\\mysql\\lib\\protocol\\Protocol.js:38:16)\n    at Socket.<anonymous> (C:\\Users\\Daniel\\node_modules\\mysql\\lib\\Connection.js:88:28)', 'ER_NO_DEFAULT_FOR_FIELD: Field \'brand_name\' doesn\'t have a default value', '2022-07-05 14:44:47'),
(33, 2, 'business_request-createBusinessRequest', 'QueryFailedError: ER_NO_DEFAULT_FOR_FIELD: Field \'activity_name\' doesn\'t have a default value\n    at Query.<anonymous> (C:\\Users\\Daniel\\Desktop\\Aplo\\api\\src\\driver\\mysql\\MysqlQueryRunner.ts:222:33)\n    at Query.<anonymous> (C:\\Users\\Daniel\\node_modules\\mysql\\lib\\Connection.js:526:10)\n    at Query._callback (C:\\Users\\Daniel\\node_modules\\mysql\\lib\\Connection.js:488:16)\n    at Query.Sequence.end (C:\\Users\\Daniel\\node_modules\\mysql\\lib\\protocol\\sequences\\Sequence.js:83:24)\n    at Query.ErrorPacket (C:\\Users\\Daniel\\node_modules\\mysql\\lib\\protocol\\sequences\\Query.js:92:8)\n    at Protocol._parsePacket (C:\\Users\\Daniel\\node_modules\\mysql\\lib\\protocol\\Protocol.js:291:23)\n    at Parser._parsePacket (C:\\Users\\Daniel\\node_modules\\mysql\\lib\\protocol\\Parser.js:433:10)\n    at Parser.write (C:\\Users\\Daniel\\node_modules\\mysql\\lib\\protocol\\Parser.js:43:10)\n    at Protocol.write (C:\\Users\\Daniel\\node_modules\\mysql\\lib\\protocol\\Protocol.js:38:16)\n    at Socket.<anonymous> (C:\\Users\\Daniel\\node_modules\\mysql\\lib\\Connection.js:88:28)', 'ER_NO_DEFAULT_FOR_FIELD: Field \'activity_name\' doesn\'t have a default value', '2022-07-05 14:46:44'),
(34, 2, 'business_request-createBusinessRequest', 'MustBeEntityError: Cannot save, given value must be an entity, instead \"undefined\" is given.\n    at EntityPersistExecutor.execute (C:\\Users\\Daniel\\Desktop\\Aplo\\api\\src\\persistence\\EntityPersistExecutor.ts:44:35)\n    at EntityManager.save (C:\\Users\\Daniel\\Desktop\\Aplo\\api\\src\\entity-manager\\EntityManager.ts:437:14)\n    at Repository.save (C:\\Users\\Daniel\\Desktop\\Aplo\\api\\src\\repository\\Repository.ts:204:29)\n    at BusinessRequestService.create (C:\\Users\\Daniel\\Desktop\\Aplo\\api\\src\\business_request\\business_request.service.ts:20:32)\n    at BusinessRequestController.createBusinessRequest (C:\\Users\\Daniel\\Desktop\\Aplo\\api\\src\\business_request\\business_request.controller.ts:37:55)\n    at C:\\Users\\Daniel\\Desktop\\Aplo\\api\\node_modules\\@nestjs\\core\\router\\router-execution-context.js:38:29\n    at InterceptorsConsumer.intercept (C:\\Users\\Daniel\\Desktop\\Aplo\\api\\node_modules\\@nestjs\\core\\interceptors\\interceptors-consumer.js:11:20)\n    at C:\\Users\\Daniel\\Desktop\\Aplo\\api\\node_modules\\@nestjs\\core\\router\\router-execution-context.js:46:60\n    at C:\\Users\\Daniel\\Desktop\\Aplo\\api\\node_modules\\@nestjs\\core\\router\\router-proxy.js:9:23\n    at Layer.handle [as handle_request] (C:\\Users\\Daniel\\Desktop\\Aplo\\api\\node_modules\\express\\lib\\router\\layer.js:95:5)', 'Cannot save, given value must be an entity, instead \"undefined\" is given.', '2022-07-05 14:51:21'),
(35, 2, 'business_request-createBusinessRequest', 'QueryFailedError: ER_NO_DEFAULT_FOR_FIELD: Field \'activity_name\' doesn\'t have a default value\n    at Query.<anonymous> (C:\\Users\\Daniel\\Desktop\\Aplo\\api\\src\\driver\\mysql\\MysqlQueryRunner.ts:222:33)\n    at Query.<anonymous> (C:\\Users\\Daniel\\node_modules\\mysql\\lib\\Connection.js:526:10)\n    at Query._callback (C:\\Users\\Daniel\\node_modules\\mysql\\lib\\Connection.js:488:16)\n    at Query.Sequence.end (C:\\Users\\Daniel\\node_modules\\mysql\\lib\\protocol\\sequences\\Sequence.js:83:24)\n    at Query.ErrorPacket (C:\\Users\\Daniel\\node_modules\\mysql\\lib\\protocol\\sequences\\Query.js:92:8)\n    at Protocol._parsePacket (C:\\Users\\Daniel\\node_modules\\mysql\\lib\\protocol\\Protocol.js:291:23)\n    at Parser._parsePacket (C:\\Users\\Daniel\\node_modules\\mysql\\lib\\protocol\\Parser.js:433:10)\n    at Parser.write (C:\\Users\\Daniel\\node_modules\\mysql\\lib\\protocol\\Parser.js:43:10)\n    at Protocol.write (C:\\Users\\Daniel\\node_modules\\mysql\\lib\\protocol\\Protocol.js:38:16)\n    at Socket.<anonymous> (C:\\Users\\Daniel\\node_modules\\mysql\\lib\\Connection.js:88:28)', 'ER_NO_DEFAULT_FOR_FIELD: Field \'activity_name\' doesn\'t have a default value', '2022-07-05 14:53:01'),
(36, 2, 'business_request-createBusinessRequest', 'QueryFailedError: ER_NO_DEFAULT_FOR_FIELD: Field \'activity_name\' doesn\'t have a default value\n    at Query.<anonymous> (C:\\Users\\Daniel\\Desktop\\Aplo\\api\\src\\driver\\mysql\\MysqlQueryRunner.ts:222:33)\n    at Query.<anonymous> (C:\\Users\\Daniel\\node_modules\\mysql\\lib\\Connection.js:526:10)\n    at Query._callback (C:\\Users\\Daniel\\node_modules\\mysql\\lib\\Connection.js:488:16)\n    at Query.Sequence.end (C:\\Users\\Daniel\\node_modules\\mysql\\lib\\protocol\\sequences\\Sequence.js:83:24)\n    at Query.ErrorPacket (C:\\Users\\Daniel\\node_modules\\mysql\\lib\\protocol\\sequences\\Query.js:92:8)\n    at Protocol._parsePacket (C:\\Users\\Daniel\\node_modules\\mysql\\lib\\protocol\\Protocol.js:291:23)\n    at Parser._parsePacket (C:\\Users\\Daniel\\node_modules\\mysql\\lib\\protocol\\Parser.js:433:10)\n    at Parser.write (C:\\Users\\Daniel\\node_modules\\mysql\\lib\\protocol\\Parser.js:43:10)\n    at Protocol.write (C:\\Users\\Daniel\\node_modules\\mysql\\lib\\protocol\\Protocol.js:38:16)\n    at Socket.<anonymous> (C:\\Users\\Daniel\\node_modules\\mysql\\lib\\Connection.js:88:28)', 'ER_NO_DEFAULT_FOR_FIELD: Field \'activity_name\' doesn\'t have a default value', '2022-07-05 14:58:57'),
(37, 2, 'business_request-createBusinessRequest', 'QueryFailedError: ER_NO_DEFAULT_FOR_FIELD: Field \'activity_name\' doesn\'t have a default value\n    at Query.<anonymous> (C:\\Users\\Daniel\\Desktop\\Aplo\\api\\src\\driver\\mysql\\MysqlQueryRunner.ts:222:33)\n    at Query.<anonymous> (C:\\Users\\Daniel\\node_modules\\mysql\\lib\\Connection.js:526:10)\n    at Query._callback (C:\\Users\\Daniel\\node_modules\\mysql\\lib\\Connection.js:488:16)\n    at Query.Sequence.end (C:\\Users\\Daniel\\node_modules\\mysql\\lib\\protocol\\sequences\\Sequence.js:83:24)\n    at Query.ErrorPacket (C:\\Users\\Daniel\\node_modules\\mysql\\lib\\protocol\\sequences\\Query.js:92:8)\n    at Protocol._parsePacket (C:\\Users\\Daniel\\node_modules\\mysql\\lib\\protocol\\Protocol.js:291:23)\n    at Parser._parsePacket (C:\\Users\\Daniel\\node_modules\\mysql\\lib\\protocol\\Parser.js:433:10)\n    at Parser.write (C:\\Users\\Daniel\\node_modules\\mysql\\lib\\protocol\\Parser.js:43:10)\n    at Protocol.write (C:\\Users\\Daniel\\node_modules\\mysql\\lib\\protocol\\Protocol.js:38:16)\n    at Socket.<anonymous> (C:\\Users\\Daniel\\node_modules\\mysql\\lib\\Connection.js:88:28)', 'ER_NO_DEFAULT_FOR_FIELD: Field \'activity_name\' doesn\'t have a default value', '2022-07-05 14:59:11'),
(38, 2, 'business_request-createBusinessRequest', 'QueryFailedError: ER_NO_DEFAULT_FOR_FIELD: Field \'activity_name\' doesn\'t have a default value\n    at Query.<anonymous> (C:\\Users\\Daniel\\Desktop\\Aplo\\api\\src\\driver\\mysql\\MysqlQueryRunner.ts:222:33)\n    at Query.<anonymous> (C:\\Users\\Daniel\\node_modules\\mysql\\lib\\Connection.js:526:10)\n    at Query._callback (C:\\Users\\Daniel\\node_modules\\mysql\\lib\\Connection.js:488:16)\n    at Query.Sequence.end (C:\\Users\\Daniel\\node_modules\\mysql\\lib\\protocol\\sequences\\Sequence.js:83:24)\n    at Query.ErrorPacket (C:\\Users\\Daniel\\node_modules\\mysql\\lib\\protocol\\sequences\\Query.js:92:8)\n    at Protocol._parsePacket (C:\\Users\\Daniel\\node_modules\\mysql\\lib\\protocol\\Protocol.js:291:23)\n    at Parser._parsePacket (C:\\Users\\Daniel\\node_modules\\mysql\\lib\\protocol\\Parser.js:433:10)\n    at Parser.write (C:\\Users\\Daniel\\node_modules\\mysql\\lib\\protocol\\Parser.js:43:10)\n    at Protocol.write (C:\\Users\\Daniel\\node_modules\\mysql\\lib\\protocol\\Protocol.js:38:16)\n    at Socket.<anonymous> (C:\\Users\\Daniel\\node_modules\\mysql\\lib\\Connection.js:88:28)', 'ER_NO_DEFAULT_FOR_FIELD: Field \'activity_name\' doesn\'t have a default value', '2022-07-05 15:04:42');
INSERT INTO `log` (`id`, `login_id`, `file`, `extra`, `error`, `created_date`) VALUES
(39, 2, 'business_request-createBusinessRequest', 'QueryFailedError: ER_NO_DEFAULT_FOR_FIELD: Field \'activity_name\' doesn\'t have a default value\n    at Query.<anonymous> (C:\\Users\\Daniel\\Desktop\\Aplo\\api\\src\\driver\\mysql\\MysqlQueryRunner.ts:222:33)\n    at Query.<anonymous> (C:\\Users\\Daniel\\node_modules\\mysql\\lib\\Connection.js:526:10)\n    at Query._callback (C:\\Users\\Daniel\\node_modules\\mysql\\lib\\Connection.js:488:16)\n    at Query.Sequence.end (C:\\Users\\Daniel\\node_modules\\mysql\\lib\\protocol\\sequences\\Sequence.js:83:24)\n    at Query.ErrorPacket (C:\\Users\\Daniel\\node_modules\\mysql\\lib\\protocol\\sequences\\Query.js:92:8)\n    at Protocol._parsePacket (C:\\Users\\Daniel\\node_modules\\mysql\\lib\\protocol\\Protocol.js:291:23)\n    at Parser._parsePacket (C:\\Users\\Daniel\\node_modules\\mysql\\lib\\protocol\\Parser.js:433:10)\n    at Parser.write (C:\\Users\\Daniel\\node_modules\\mysql\\lib\\protocol\\Parser.js:43:10)\n    at Protocol.write (C:\\Users\\Daniel\\node_modules\\mysql\\lib\\protocol\\Protocol.js:38:16)\n    at Socket.<anonymous> (C:\\Users\\Daniel\\node_modules\\mysql\\lib\\Connection.js:88:28)', 'ER_NO_DEFAULT_FOR_FIELD: Field \'activity_name\' doesn\'t have a default value', '2022-07-05 15:08:38'),
(40, 2, 'business_request-createBusinessRequest', 'QueryFailedError: ER_NO_DEFAULT_FOR_FIELD: Field \'activity_name\' doesn\'t have a default value\n    at Query.<anonymous> (C:\\Users\\Daniel\\Desktop\\Aplo\\api\\src\\driver\\mysql\\MysqlQueryRunner.ts:222:33)\n    at Query.<anonymous> (C:\\Users\\Daniel\\node_modules\\mysql\\lib\\Connection.js:526:10)\n    at Query._callback (C:\\Users\\Daniel\\node_modules\\mysql\\lib\\Connection.js:488:16)\n    at Query.Sequence.end (C:\\Users\\Daniel\\node_modules\\mysql\\lib\\protocol\\sequences\\Sequence.js:83:24)\n    at Query.ErrorPacket (C:\\Users\\Daniel\\node_modules\\mysql\\lib\\protocol\\sequences\\Query.js:92:8)\n    at Protocol._parsePacket (C:\\Users\\Daniel\\node_modules\\mysql\\lib\\protocol\\Protocol.js:291:23)\n    at Parser._parsePacket (C:\\Users\\Daniel\\node_modules\\mysql\\lib\\protocol\\Parser.js:433:10)\n    at Parser.write (C:\\Users\\Daniel\\node_modules\\mysql\\lib\\protocol\\Parser.js:43:10)\n    at Protocol.write (C:\\Users\\Daniel\\node_modules\\mysql\\lib\\protocol\\Protocol.js:38:16)\n    at Socket.<anonymous> (C:\\Users\\Daniel\\node_modules\\mysql\\lib\\Connection.js:88:28)', 'ER_NO_DEFAULT_FOR_FIELD: Field \'activity_name\' doesn\'t have a default value', '2022-07-05 15:12:33'),
(41, 2, 'business_request-createBusinessRequest', 'QueryFailedError: ER_NO_DEFAULT_FOR_FIELD: Field \'activity_name\' doesn\'t have a default value\n    at Query.<anonymous> (C:\\Users\\Daniel\\Desktop\\Aplo\\api\\src\\driver\\mysql\\MysqlQueryRunner.ts:222:33)\n    at Query.<anonymous> (C:\\Users\\Daniel\\node_modules\\mysql\\lib\\Connection.js:526:10)\n    at Query._callback (C:\\Users\\Daniel\\node_modules\\mysql\\lib\\Connection.js:488:16)\n    at Query.Sequence.end (C:\\Users\\Daniel\\node_modules\\mysql\\lib\\protocol\\sequences\\Sequence.js:83:24)\n    at Query.ErrorPacket (C:\\Users\\Daniel\\node_modules\\mysql\\lib\\protocol\\sequences\\Query.js:92:8)\n    at Protocol._parsePacket (C:\\Users\\Daniel\\node_modules\\mysql\\lib\\protocol\\Protocol.js:291:23)\n    at Parser._parsePacket (C:\\Users\\Daniel\\node_modules\\mysql\\lib\\protocol\\Parser.js:433:10)\n    at Parser.write (C:\\Users\\Daniel\\node_modules\\mysql\\lib\\protocol\\Parser.js:43:10)\n    at Protocol.write (C:\\Users\\Daniel\\node_modules\\mysql\\lib\\protocol\\Protocol.js:38:16)\n    at Socket.<anonymous> (C:\\Users\\Daniel\\node_modules\\mysql\\lib\\Connection.js:88:28)', 'ER_NO_DEFAULT_FOR_FIELD: Field \'activity_name\' doesn\'t have a default value', '2022-07-05 15:12:58'),
(42, 2, 'business_request-createBusinessRequest', 'QueryFailedError: ER_NO_DEFAULT_FOR_FIELD: Field \'activity_name\' doesn\'t have a default value\n    at Query.<anonymous> (C:\\Users\\Daniel\\Desktop\\Aplo\\api\\src\\driver\\mysql\\MysqlQueryRunner.ts:222:33)\n    at Query.<anonymous> (C:\\Users\\Daniel\\node_modules\\mysql\\lib\\Connection.js:526:10)\n    at Query._callback (C:\\Users\\Daniel\\node_modules\\mysql\\lib\\Connection.js:488:16)\n    at Query.Sequence.end (C:\\Users\\Daniel\\node_modules\\mysql\\lib\\protocol\\sequences\\Sequence.js:83:24)\n    at Query.ErrorPacket (C:\\Users\\Daniel\\node_modules\\mysql\\lib\\protocol\\sequences\\Query.js:92:8)\n    at Protocol._parsePacket (C:\\Users\\Daniel\\node_modules\\mysql\\lib\\protocol\\Protocol.js:291:23)\n    at Parser._parsePacket (C:\\Users\\Daniel\\node_modules\\mysql\\lib\\protocol\\Parser.js:433:10)\n    at Parser.write (C:\\Users\\Daniel\\node_modules\\mysql\\lib\\protocol\\Parser.js:43:10)\n    at Protocol.write (C:\\Users\\Daniel\\node_modules\\mysql\\lib\\protocol\\Protocol.js:38:16)\n    at Socket.<anonymous> (C:\\Users\\Daniel\\node_modules\\mysql\\lib\\Connection.js:88:28)', 'ER_NO_DEFAULT_FOR_FIELD: Field \'activity_name\' doesn\'t have a default value', '2022-07-05 15:13:53'),
(43, 2, 'business_request-createBusinessRequest', 'QueryFailedError: ER_NO_DEFAULT_FOR_FIELD: Field \'activity_name\' doesn\'t have a default value\n    at Query.<anonymous> (C:\\Users\\Daniel\\Desktop\\Aplo\\api\\src\\driver\\mysql\\MysqlQueryRunner.ts:222:33)\n    at Query.<anonymous> (C:\\Users\\Daniel\\node_modules\\mysql\\lib\\Connection.js:526:10)\n    at Query._callback (C:\\Users\\Daniel\\node_modules\\mysql\\lib\\Connection.js:488:16)\n    at Query.Sequence.end (C:\\Users\\Daniel\\node_modules\\mysql\\lib\\protocol\\sequences\\Sequence.js:83:24)\n    at Query.ErrorPacket (C:\\Users\\Daniel\\node_modules\\mysql\\lib\\protocol\\sequences\\Query.js:92:8)\n    at Protocol._parsePacket (C:\\Users\\Daniel\\node_modules\\mysql\\lib\\protocol\\Protocol.js:291:23)\n    at Parser._parsePacket (C:\\Users\\Daniel\\node_modules\\mysql\\lib\\protocol\\Parser.js:433:10)\n    at Parser.write (C:\\Users\\Daniel\\node_modules\\mysql\\lib\\protocol\\Parser.js:43:10)\n    at Protocol.write (C:\\Users\\Daniel\\node_modules\\mysql\\lib\\protocol\\Protocol.js:38:16)\n    at Socket.<anonymous> (C:\\Users\\Daniel\\node_modules\\mysql\\lib\\Connection.js:88:28)', 'ER_NO_DEFAULT_FOR_FIELD: Field \'activity_name\' doesn\'t have a default value', '2022-07-05 15:14:14'),
(44, 2, 'business_request-createBusinessRequest', 'QueryFailedError: ER_NO_DEFAULT_FOR_FIELD: Field \'activity_name\' doesn\'t have a default value\n    at Query.<anonymous> (C:\\Users\\Daniel\\Desktop\\Aplo\\api\\src\\driver\\mysql\\MysqlQueryRunner.ts:222:33)\n    at Query.<anonymous> (C:\\Users\\Daniel\\node_modules\\mysql\\lib\\Connection.js:526:10)\n    at Query._callback (C:\\Users\\Daniel\\node_modules\\mysql\\lib\\Connection.js:488:16)\n    at Query.Sequence.end (C:\\Users\\Daniel\\node_modules\\mysql\\lib\\protocol\\sequences\\Sequence.js:83:24)\n    at Query.ErrorPacket (C:\\Users\\Daniel\\node_modules\\mysql\\lib\\protocol\\sequences\\Query.js:92:8)\n    at Protocol._parsePacket (C:\\Users\\Daniel\\node_modules\\mysql\\lib\\protocol\\Protocol.js:291:23)\n    at Parser._parsePacket (C:\\Users\\Daniel\\node_modules\\mysql\\lib\\protocol\\Parser.js:433:10)\n    at Parser.write (C:\\Users\\Daniel\\node_modules\\mysql\\lib\\protocol\\Parser.js:43:10)\n    at Protocol.write (C:\\Users\\Daniel\\node_modules\\mysql\\lib\\protocol\\Protocol.js:38:16)\n    at Socket.<anonymous> (C:\\Users\\Daniel\\node_modules\\mysql\\lib\\Connection.js:88:28)', 'ER_NO_DEFAULT_FOR_FIELD: Field \'activity_name\' doesn\'t have a default value', '2022-07-05 15:14:22'),
(45, 2, 'business_request-createBusinessRequest', 'QueryFailedError: ER_NO_DEFAULT_FOR_FIELD: Field \'activity_name\' doesn\'t have a default value\n    at Query.<anonymous> (C:\\Users\\Daniel\\Desktop\\Aplo\\api\\src\\driver\\mysql\\MysqlQueryRunner.ts:222:33)\n    at Query.<anonymous> (C:\\Users\\Daniel\\node_modules\\mysql\\lib\\Connection.js:526:10)\n    at Query._callback (C:\\Users\\Daniel\\node_modules\\mysql\\lib\\Connection.js:488:16)\n    at Query.Sequence.end (C:\\Users\\Daniel\\node_modules\\mysql\\lib\\protocol\\sequences\\Sequence.js:83:24)\n    at Query.ErrorPacket (C:\\Users\\Daniel\\node_modules\\mysql\\lib\\protocol\\sequences\\Query.js:92:8)\n    at Protocol._parsePacket (C:\\Users\\Daniel\\node_modules\\mysql\\lib\\protocol\\Protocol.js:291:23)\n    at Parser._parsePacket (C:\\Users\\Daniel\\node_modules\\mysql\\lib\\protocol\\Parser.js:433:10)\n    at Parser.write (C:\\Users\\Daniel\\node_modules\\mysql\\lib\\protocol\\Parser.js:43:10)\n    at Protocol.write (C:\\Users\\Daniel\\node_modules\\mysql\\lib\\protocol\\Protocol.js:38:16)\n    at Socket.<anonymous> (C:\\Users\\Daniel\\node_modules\\mysql\\lib\\Connection.js:88:28)', 'ER_NO_DEFAULT_FOR_FIELD: Field \'activity_name\' doesn\'t have a default value', '2022-07-05 15:22:49'),
(46, 2, 'business_request-createBusinessRequest', 'QueryFailedError: ER_NO_DEFAULT_FOR_FIELD: Field \'activity_name\' doesn\'t have a default value\n    at Query.<anonymous> (C:\\Users\\Daniel\\Desktop\\Aplo\\api\\src\\driver\\mysql\\MysqlQueryRunner.ts:222:33)\n    at Query.<anonymous> (C:\\Users\\Daniel\\node_modules\\mysql\\lib\\Connection.js:526:10)\n    at Query._callback (C:\\Users\\Daniel\\node_modules\\mysql\\lib\\Connection.js:488:16)\n    at Query.Sequence.end (C:\\Users\\Daniel\\node_modules\\mysql\\lib\\protocol\\sequences\\Sequence.js:83:24)\n    at Query.ErrorPacket (C:\\Users\\Daniel\\node_modules\\mysql\\lib\\protocol\\sequences\\Query.js:92:8)\n    at Protocol._parsePacket (C:\\Users\\Daniel\\node_modules\\mysql\\lib\\protocol\\Protocol.js:291:23)\n    at Parser._parsePacket (C:\\Users\\Daniel\\node_modules\\mysql\\lib\\protocol\\Parser.js:433:10)\n    at Parser.write (C:\\Users\\Daniel\\node_modules\\mysql\\lib\\protocol\\Parser.js:43:10)\n    at Protocol.write (C:\\Users\\Daniel\\node_modules\\mysql\\lib\\protocol\\Protocol.js:38:16)\n    at Socket.<anonymous> (C:\\Users\\Daniel\\node_modules\\mysql\\lib\\Connection.js:88:28)', 'ER_NO_DEFAULT_FOR_FIELD: Field \'activity_name\' doesn\'t have a default value', '2022-07-05 15:33:53'),
(47, 2, 'business_request-createBusinessRequest', 'QueryFailedError: ER_NO_DEFAULT_FOR_FIELD: Field \'activity_name\' doesn\'t have a default value\n    at Query.<anonymous> (C:\\Users\\Daniel\\Desktop\\Aplo\\api\\src\\driver\\mysql\\MysqlQueryRunner.ts:222:33)\n    at Query.<anonymous> (C:\\Users\\Daniel\\node_modules\\mysql\\lib\\Connection.js:526:10)\n    at Query._callback (C:\\Users\\Daniel\\node_modules\\mysql\\lib\\Connection.js:488:16)\n    at Query.Sequence.end (C:\\Users\\Daniel\\node_modules\\mysql\\lib\\protocol\\sequences\\Sequence.js:83:24)\n    at Query.ErrorPacket (C:\\Users\\Daniel\\node_modules\\mysql\\lib\\protocol\\sequences\\Query.js:92:8)\n    at Protocol._parsePacket (C:\\Users\\Daniel\\node_modules\\mysql\\lib\\protocol\\Protocol.js:291:23)\n    at Parser._parsePacket (C:\\Users\\Daniel\\node_modules\\mysql\\lib\\protocol\\Parser.js:433:10)\n    at Parser.write (C:\\Users\\Daniel\\node_modules\\mysql\\lib\\protocol\\Parser.js:43:10)\n    at Protocol.write (C:\\Users\\Daniel\\node_modules\\mysql\\lib\\protocol\\Protocol.js:38:16)\n    at Socket.<anonymous> (C:\\Users\\Daniel\\node_modules\\mysql\\lib\\Connection.js:88:28)', 'ER_NO_DEFAULT_FOR_FIELD: Field \'activity_name\' doesn\'t have a default value', '2022-07-05 15:39:40'),
(48, 2, 'business_request-createBusinessRequest', 'QueryFailedError: ER_NO_DEFAULT_FOR_FIELD: Field \'activity_name\' doesn\'t have a default value\n    at Query.<anonymous> (C:\\Users\\Daniel\\Desktop\\Aplo\\api\\src\\driver\\mysql\\MysqlQueryRunner.ts:222:33)\n    at Query.<anonymous> (C:\\Users\\Daniel\\node_modules\\mysql\\lib\\Connection.js:526:10)\n    at Query._callback (C:\\Users\\Daniel\\node_modules\\mysql\\lib\\Connection.js:488:16)\n    at Query.Sequence.end (C:\\Users\\Daniel\\node_modules\\mysql\\lib\\protocol\\sequences\\Sequence.js:83:24)\n    at Query.ErrorPacket (C:\\Users\\Daniel\\node_modules\\mysql\\lib\\protocol\\sequences\\Query.js:92:8)\n    at Protocol._parsePacket (C:\\Users\\Daniel\\node_modules\\mysql\\lib\\protocol\\Protocol.js:291:23)\n    at Parser._parsePacket (C:\\Users\\Daniel\\node_modules\\mysql\\lib\\protocol\\Parser.js:433:10)\n    at Parser.write (C:\\Users\\Daniel\\node_modules\\mysql\\lib\\protocol\\Parser.js:43:10)\n    at Protocol.write (C:\\Users\\Daniel\\node_modules\\mysql\\lib\\protocol\\Protocol.js:38:16)\n    at Socket.<anonymous> (C:\\Users\\Daniel\\node_modules\\mysql\\lib\\Connection.js:88:28)', 'ER_NO_DEFAULT_FOR_FIELD: Field \'activity_name\' doesn\'t have a default value', '2022-07-05 15:40:02'),
(49, 2, 'business_request-createBusinessRequest', 'QueryFailedError: ER_NO_DEFAULT_FOR_FIELD: Field \'activity_name\' doesn\'t have a default value\n    at Query.<anonymous> (C:\\Users\\Daniel\\Desktop\\Aplo\\api\\src\\driver\\mysql\\MysqlQueryRunner.ts:222:33)\n    at Query.<anonymous> (C:\\Users\\Daniel\\node_modules\\mysql\\lib\\Connection.js:526:10)\n    at Query._callback (C:\\Users\\Daniel\\node_modules\\mysql\\lib\\Connection.js:488:16)\n    at Query.Sequence.end (C:\\Users\\Daniel\\node_modules\\mysql\\lib\\protocol\\sequences\\Sequence.js:83:24)\n    at Query.ErrorPacket (C:\\Users\\Daniel\\node_modules\\mysql\\lib\\protocol\\sequences\\Query.js:92:8)\n    at Protocol._parsePacket (C:\\Users\\Daniel\\node_modules\\mysql\\lib\\protocol\\Protocol.js:291:23)\n    at Parser._parsePacket (C:\\Users\\Daniel\\node_modules\\mysql\\lib\\protocol\\Parser.js:433:10)\n    at Parser.write (C:\\Users\\Daniel\\node_modules\\mysql\\lib\\protocol\\Parser.js:43:10)\n    at Protocol.write (C:\\Users\\Daniel\\node_modules\\mysql\\lib\\protocol\\Protocol.js:38:16)\n    at Socket.<anonymous> (C:\\Users\\Daniel\\node_modules\\mysql\\lib\\Connection.js:88:28)', 'ER_NO_DEFAULT_FOR_FIELD: Field \'activity_name\' doesn\'t have a default value', '2022-07-05 15:40:41'),
(50, 2, 'business_request-createBusinessRequest', 'QueryFailedError: ER_NO_DEFAULT_FOR_FIELD: Field \'activity_name\' doesn\'t have a default value\n    at Query.<anonymous> (C:\\Users\\Daniel\\Desktop\\Aplo\\api\\src\\driver\\mysql\\MysqlQueryRunner.ts:222:33)\n    at Query.<anonymous> (C:\\Users\\Daniel\\node_modules\\mysql\\lib\\Connection.js:526:10)\n    at Query._callback (C:\\Users\\Daniel\\node_modules\\mysql\\lib\\Connection.js:488:16)\n    at Query.Sequence.end (C:\\Users\\Daniel\\node_modules\\mysql\\lib\\protocol\\sequences\\Sequence.js:83:24)\n    at Query.ErrorPacket (C:\\Users\\Daniel\\node_modules\\mysql\\lib\\protocol\\sequences\\Query.js:92:8)\n    at Protocol._parsePacket (C:\\Users\\Daniel\\node_modules\\mysql\\lib\\protocol\\Protocol.js:291:23)\n    at Parser._parsePacket (C:\\Users\\Daniel\\node_modules\\mysql\\lib\\protocol\\Parser.js:433:10)\n    at Parser.write (C:\\Users\\Daniel\\node_modules\\mysql\\lib\\protocol\\Parser.js:43:10)\n    at Protocol.write (C:\\Users\\Daniel\\node_modules\\mysql\\lib\\protocol\\Protocol.js:38:16)\n    at Socket.<anonymous> (C:\\Users\\Daniel\\node_modules\\mysql\\lib\\Connection.js:88:28)', 'ER_NO_DEFAULT_FOR_FIELD: Field \'activity_name\' doesn\'t have a default value', '2022-07-05 15:41:12'),
(51, 2, 'business_request-createBusinessRequest', 'QueryFailedError: ER_NO_DEFAULT_FOR_FIELD: Field \'activity_name\' doesn\'t have a default value\n    at Query.<anonymous> (C:\\Users\\Daniel\\Desktop\\Aplo\\api\\src\\driver\\mysql\\MysqlQueryRunner.ts:222:33)\n    at Query.<anonymous> (C:\\Users\\Daniel\\node_modules\\mysql\\lib\\Connection.js:526:10)\n    at Query._callback (C:\\Users\\Daniel\\node_modules\\mysql\\lib\\Connection.js:488:16)\n    at Query.Sequence.end (C:\\Users\\Daniel\\node_modules\\mysql\\lib\\protocol\\sequences\\Sequence.js:83:24)\n    at Query.ErrorPacket (C:\\Users\\Daniel\\node_modules\\mysql\\lib\\protocol\\sequences\\Query.js:92:8)\n    at Protocol._parsePacket (C:\\Users\\Daniel\\node_modules\\mysql\\lib\\protocol\\Protocol.js:291:23)\n    at Parser._parsePacket (C:\\Users\\Daniel\\node_modules\\mysql\\lib\\protocol\\Parser.js:433:10)\n    at Parser.write (C:\\Users\\Daniel\\node_modules\\mysql\\lib\\protocol\\Parser.js:43:10)\n    at Protocol.write (C:\\Users\\Daniel\\node_modules\\mysql\\lib\\protocol\\Protocol.js:38:16)\n    at Socket.<anonymous> (C:\\Users\\Daniel\\node_modules\\mysql\\lib\\Connection.js:88:28)', 'ER_NO_DEFAULT_FOR_FIELD: Field \'activity_name\' doesn\'t have a default value', '2022-07-05 15:42:49'),
(52, 2, 'business_request-createBusinessRequest', 'QueryFailedError: ER_NO_DEFAULT_FOR_FIELD: Field \'activity_name\' doesn\'t have a default value\n    at Query.<anonymous> (C:\\Users\\Daniel\\Desktop\\Aplo\\api\\src\\driver\\mysql\\MysqlQueryRunner.ts:222:33)\n    at Query.<anonymous> (C:\\Users\\Daniel\\node_modules\\mysql\\lib\\Connection.js:526:10)\n    at Query._callback (C:\\Users\\Daniel\\node_modules\\mysql\\lib\\Connection.js:488:16)\n    at Query.Sequence.end (C:\\Users\\Daniel\\node_modules\\mysql\\lib\\protocol\\sequences\\Sequence.js:83:24)\n    at Query.ErrorPacket (C:\\Users\\Daniel\\node_modules\\mysql\\lib\\protocol\\sequences\\Query.js:92:8)\n    at Protocol._parsePacket (C:\\Users\\Daniel\\node_modules\\mysql\\lib\\protocol\\Protocol.js:291:23)\n    at Parser._parsePacket (C:\\Users\\Daniel\\node_modules\\mysql\\lib\\protocol\\Parser.js:433:10)\n    at Parser.write (C:\\Users\\Daniel\\node_modules\\mysql\\lib\\protocol\\Parser.js:43:10)\n    at Protocol.write (C:\\Users\\Daniel\\node_modules\\mysql\\lib\\protocol\\Protocol.js:38:16)\n    at Socket.<anonymous> (C:\\Users\\Daniel\\node_modules\\mysql\\lib\\Connection.js:88:28)', 'ER_NO_DEFAULT_FOR_FIELD: Field \'activity_name\' doesn\'t have a default value', '2022-07-05 15:42:59'),
(53, 2, 'business_request-createBusinessRequest', 'QueryFailedError: ER_NO_DEFAULT_FOR_FIELD: Field \'activity_name\' doesn\'t have a default value\n    at Query.<anonymous> (C:\\Users\\Daniel\\Desktop\\Aplo\\api\\src\\driver\\mysql\\MysqlQueryRunner.ts:222:33)\n    at Query.<anonymous> (C:\\Users\\Daniel\\node_modules\\mysql\\lib\\Connection.js:526:10)\n    at Query._callback (C:\\Users\\Daniel\\node_modules\\mysql\\lib\\Connection.js:488:16)\n    at Query.Sequence.end (C:\\Users\\Daniel\\node_modules\\mysql\\lib\\protocol\\sequences\\Sequence.js:83:24)\n    at Query.ErrorPacket (C:\\Users\\Daniel\\node_modules\\mysql\\lib\\protocol\\sequences\\Query.js:92:8)\n    at Protocol._parsePacket (C:\\Users\\Daniel\\node_modules\\mysql\\lib\\protocol\\Protocol.js:291:23)\n    at Parser._parsePacket (C:\\Users\\Daniel\\node_modules\\mysql\\lib\\protocol\\Parser.js:433:10)\n    at Parser.write (C:\\Users\\Daniel\\node_modules\\mysql\\lib\\protocol\\Parser.js:43:10)\n    at Protocol.write (C:\\Users\\Daniel\\node_modules\\mysql\\lib\\protocol\\Protocol.js:38:16)\n    at Socket.<anonymous> (C:\\Users\\Daniel\\node_modules\\mysql\\lib\\Connection.js:88:28)', 'ER_NO_DEFAULT_FOR_FIELD: Field \'activity_name\' doesn\'t have a default value', '2022-07-05 16:15:37'),
(54, 2, 'business_request-createBusinessRequest', 'QueryFailedError: ER_NO_DEFAULT_FOR_FIELD: Field \'activity_name\' doesn\'t have a default value\n    at Query.<anonymous> (C:\\Users\\Daniel\\Desktop\\Aplo\\api\\src\\driver\\mysql\\MysqlQueryRunner.ts:222:33)\n    at Query.<anonymous> (C:\\Users\\Daniel\\node_modules\\mysql\\lib\\Connection.js:526:10)\n    at Query._callback (C:\\Users\\Daniel\\node_modules\\mysql\\lib\\Connection.js:488:16)\n    at Query.Sequence.end (C:\\Users\\Daniel\\node_modules\\mysql\\lib\\protocol\\sequences\\Sequence.js:83:24)\n    at Query.ErrorPacket (C:\\Users\\Daniel\\node_modules\\mysql\\lib\\protocol\\sequences\\Query.js:92:8)\n    at Protocol._parsePacket (C:\\Users\\Daniel\\node_modules\\mysql\\lib\\protocol\\Protocol.js:291:23)\n    at Parser._parsePacket (C:\\Users\\Daniel\\node_modules\\mysql\\lib\\protocol\\Parser.js:433:10)\n    at Parser.write (C:\\Users\\Daniel\\node_modules\\mysql\\lib\\protocol\\Parser.js:43:10)\n    at Protocol.write (C:\\Users\\Daniel\\node_modules\\mysql\\lib\\protocol\\Protocol.js:38:16)\n    at Socket.<anonymous> (C:\\Users\\Daniel\\node_modules\\mysql\\lib\\Connection.js:88:28)', 'ER_NO_DEFAULT_FOR_FIELD: Field \'activity_name\' doesn\'t have a default value', '2022-07-05 16:15:42'),
(55, 2, 'business_request-createBusinessRequest', 'QueryFailedError: ER_TRUNCATED_WRONG_VALUE_FOR_FIELD: Incorrect integer value: \'null\' for column \'brand_id\' at row 1\n    at Query.<anonymous> (C:\\Users\\Daniel\\Desktop\\Aplo\\api\\src\\driver\\mysql\\MysqlQueryRunner.ts:222:33)\n    at Query.<anonymous> (C:\\Users\\Daniel\\node_modules\\mysql\\lib\\Connection.js:526:10)\n    at Query._callback (C:\\Users\\Daniel\\node_modules\\mysql\\lib\\Connection.js:488:16)\n    at Query.Sequence.end (C:\\Users\\Daniel\\node_modules\\mysql\\lib\\protocol\\sequences\\Sequence.js:83:24)\n    at Query.ErrorPacket (C:\\Users\\Daniel\\node_modules\\mysql\\lib\\protocol\\sequences\\Query.js:92:8)\n    at Protocol._parsePacket (C:\\Users\\Daniel\\node_modules\\mysql\\lib\\protocol\\Protocol.js:291:23)\n    at Parser._parsePacket (C:\\Users\\Daniel\\node_modules\\mysql\\lib\\protocol\\Parser.js:433:10)\n    at Parser.write (C:\\Users\\Daniel\\node_modules\\mysql\\lib\\protocol\\Parser.js:43:10)\n    at Protocol.write (C:\\Users\\Daniel\\node_modules\\mysql\\lib\\protocol\\Protocol.js:38:16)\n    at Socket.<anonymous> (C:\\Users\\Daniel\\node_modules\\mysql\\lib\\Connection.js:88:28)', 'ER_TRUNCATED_WRONG_VALUE_FOR_FIELD: Incorrect integer value: \'null\' for column \'brand_id\' at row 1', '2022-07-05 16:18:43'),
(56, 2, 'product-findAll', 'EntityPropertyNotFoundError: Property \"parentId\" was not found in \"Category\". Make sure your query is correct.\n    at C:\\Users\\Daniel\\Desktop\\Aplo\\api\\src\\query-builder\\SelectQueryBuilder.ts:3677:23\n    at Array.forEach (<anonymous>)\n    at SelectQueryBuilder.buildRelations (C:\\Users\\Daniel\\Desktop\\Aplo\\api\\src\\query-builder\\SelectQueryBuilder.ts:3669:32)\n    at C:\\Users\\Daniel\\Desktop\\Aplo\\api\\src\\query-builder\\SelectQueryBuilder.ts:3739:26\n    at Array.forEach (<anonymous>)\n    at SelectQueryBuilder.buildRelations (C:\\Users\\Daniel\\Desktop\\Aplo\\api\\src\\query-builder\\SelectQueryBuilder.ts:3669:32)\n    at SelectQueryBuilder.applyFindOptions (C:\\Users\\Daniel\\Desktop\\Aplo\\api\\src\\query-builder\\SelectQueryBuilder.ts:2911:22)\n    at SelectQueryBuilder.setFindOptions (C:\\Users\\Daniel\\Desktop\\Aplo\\api\\src\\query-builder\\SelectQueryBuilder.ts:103:14)\n    at EntityManager.find (C:\\Users\\Daniel\\Desktop\\Aplo\\api\\src\\entity-manager\\EntityManager.ts:993:14)\n    at Repository.find (C:\\Users\\Daniel\\Desktop\\Aplo\\api\\src\\repository\\Repository.ts:476:29)', 'Property \"parentId\" was not found in \"Category\". Make sure your query is correct.', '2022-07-07 13:09:31'),
(57, 2, 'product-findAll', 'EntityPropertyNotFoundError: Property \"id\" was not found in \"Category\". Make sure your query is correct.\n    at C:\\Users\\Daniel\\Desktop\\Aplo\\api\\src\\query-builder\\SelectQueryBuilder.ts:3677:23\n    at Array.forEach (<anonymous>)\n    at SelectQueryBuilder.buildRelations (C:\\Users\\Daniel\\Desktop\\Aplo\\api\\src\\query-builder\\SelectQueryBuilder.ts:3669:32)\n    at C:\\Users\\Daniel\\Desktop\\Aplo\\api\\src\\query-builder\\SelectQueryBuilder.ts:3739:26\n    at Array.forEach (<anonymous>)\n    at SelectQueryBuilder.buildRelations (C:\\Users\\Daniel\\Desktop\\Aplo\\api\\src\\query-builder\\SelectQueryBuilder.ts:3669:32)\n    at SelectQueryBuilder.applyFindOptions (C:\\Users\\Daniel\\Desktop\\Aplo\\api\\src\\query-builder\\SelectQueryBuilder.ts:2911:22)\n    at SelectQueryBuilder.setFindOptions (C:\\Users\\Daniel\\Desktop\\Aplo\\api\\src\\query-builder\\SelectQueryBuilder.ts:103:14)\n    at EntityManager.find (C:\\Users\\Daniel\\Desktop\\Aplo\\api\\src\\entity-manager\\EntityManager.ts:993:14)\n    at Repository.find (C:\\Users\\Daniel\\Desktop\\Aplo\\api\\src\\repository\\Repository.ts:476:29)', 'Property \"id\" was not found in \"Category\". Make sure your query is correct.', '2022-07-07 13:09:44'),
(58, 2, 'product-findAll', 'EntityPropertyNotFoundError: Property \"category\" was not found in \"Category\". Make sure your query is correct.\n    at C:\\Users\\Daniel\\Desktop\\Aplo\\api\\src\\query-builder\\SelectQueryBuilder.ts:3677:23\n    at Array.forEach (<anonymous>)\n    at SelectQueryBuilder.buildRelations (C:\\Users\\Daniel\\Desktop\\Aplo\\api\\src\\query-builder\\SelectQueryBuilder.ts:3669:32)\n    at C:\\Users\\Daniel\\Desktop\\Aplo\\api\\src\\query-builder\\SelectQueryBuilder.ts:3739:26\n    at Array.forEach (<anonymous>)\n    at SelectQueryBuilder.buildRelations (C:\\Users\\Daniel\\Desktop\\Aplo\\api\\src\\query-builder\\SelectQueryBuilder.ts:3669:32)\n    at SelectQueryBuilder.applyFindOptions (C:\\Users\\Daniel\\Desktop\\Aplo\\api\\src\\query-builder\\SelectQueryBuilder.ts:2911:22)\n    at SelectQueryBuilder.setFindOptions (C:\\Users\\Daniel\\Desktop\\Aplo\\api\\src\\query-builder\\SelectQueryBuilder.ts:103:14)\n    at EntityManager.find (C:\\Users\\Daniel\\Desktop\\Aplo\\api\\src\\entity-manager\\EntityManager.ts:993:14)\n    at Repository.find (C:\\Users\\Daniel\\Desktop\\Aplo\\api\\src\\repository\\Repository.ts:476:29)', 'Property \"category\" was not found in \"Category\". Make sure your query is correct.', '2022-07-07 13:10:58'),
(59, 2, 'product-findAll', 'QueryFailedError: ER_OPERAND_COLUMNS: Operand should contain 1 column(s)\n    at Query.<anonymous> (C:\\Users\\Daniel\\Desktop\\Aplo\\api\\src\\driver\\mysql\\MysqlQueryRunner.ts:222:33)\n    at Query.<anonymous> (C:\\Users\\Daniel\\node_modules\\mysql\\lib\\Connection.js:526:10)\n    at Query._callback (C:\\Users\\Daniel\\node_modules\\mysql\\lib\\Connection.js:488:16)\n    at Query.Sequence.end (C:\\Users\\Daniel\\node_modules\\mysql\\lib\\protocol\\sequences\\Sequence.js:83:24)\n    at Query.ErrorPacket (C:\\Users\\Daniel\\node_modules\\mysql\\lib\\protocol\\sequences\\Query.js:92:8)\n    at Protocol._parsePacket (C:\\Users\\Daniel\\node_modules\\mysql\\lib\\protocol\\Protocol.js:291:23)\n    at Parser._parsePacket (C:\\Users\\Daniel\\node_modules\\mysql\\lib\\protocol\\Parser.js:433:10)\n    at Parser.write (C:\\Users\\Daniel\\node_modules\\mysql\\lib\\protocol\\Parser.js:43:10)\n    at Protocol.write (C:\\Users\\Daniel\\node_modules\\mysql\\lib\\protocol\\Protocol.js:38:16)\n    at Socket.<anonymous> (C:\\Users\\Daniel\\node_modules\\mysql\\lib\\Connection.js:88:28)', 'ER_OPERAND_COLUMNS: Operand should contain 1 column(s)', '2022-07-07 15:28:06'),
(60, 2, 'product-findAll', 'QueryFailedError: ER_OPERAND_COLUMNS: Operand should contain 1 column(s)\n    at Query.<anonymous> (C:\\Users\\Daniel\\Desktop\\Aplo\\api\\src\\driver\\mysql\\MysqlQueryRunner.ts:222:33)\n    at Query.<anonymous> (C:\\Users\\Daniel\\node_modules\\mysql\\lib\\Connection.js:526:10)\n    at Query._callback (C:\\Users\\Daniel\\node_modules\\mysql\\lib\\Connection.js:488:16)\n    at Query.Sequence.end (C:\\Users\\Daniel\\node_modules\\mysql\\lib\\protocol\\sequences\\Sequence.js:83:24)\n    at Query.ErrorPacket (C:\\Users\\Daniel\\node_modules\\mysql\\lib\\protocol\\sequences\\Query.js:92:8)\n    at Protocol._parsePacket (C:\\Users\\Daniel\\node_modules\\mysql\\lib\\protocol\\Protocol.js:291:23)\n    at Parser._parsePacket (C:\\Users\\Daniel\\node_modules\\mysql\\lib\\protocol\\Parser.js:433:10)\n    at Parser.write (C:\\Users\\Daniel\\node_modules\\mysql\\lib\\protocol\\Parser.js:43:10)\n    at Protocol.write (C:\\Users\\Daniel\\node_modules\\mysql\\lib\\protocol\\Protocol.js:38:16)\n    at Socket.<anonymous> (C:\\Users\\Daniel\\node_modules\\mysql\\lib\\Connection.js:88:28)', 'ER_OPERAND_COLUMNS: Operand should contain 1 column(s)', '2022-07-07 15:28:11');

-- --------------------------------------------------------

--
-- Table structure for table `login`
--

DROP TABLE IF EXISTS `login`;
CREATE TABLE IF NOT EXISTS `login` (
  `id` int(10) UNSIGNED NOT NULL AUTO_INCREMENT,
  `email` varchar(100) CHARACTER SET utf8 NOT NULL,
  `password` varchar(60) CHARACTER SET utf8 NOT NULL,
  `type` smallint(6) NOT NULL COMMENT '1:user, 2:store',
  `verification_token` varchar(100) CHARACTER SET utf8 DEFAULT NULL,
  `password_reset_token` varchar(100) CHARACTER SET utf8 DEFAULT NULL,
  `created_date` datetime NOT NULL DEFAULT CURRENT_TIMESTAMP,
  `last_updated_date` datetime NOT NULL DEFAULT CURRENT_TIMESTAMP,
  `archived` smallint(6) NOT NULL DEFAULT '0' COMMENT '0:Not Archived, 1:Archived',
  PRIMARY KEY (`id`)
) ENGINE=InnoDB AUTO_INCREMENT=2 DEFAULT CHARSET=latin1;

--
-- Dumping data for table `login`
--

INSERT INTO `login` (`id`, `email`, `password`, `type`, `verification_token`, `password_reset_token`, `created_date`, `last_updated_date`, `archived`) VALUES
(1, 'store@gmail.com', '$2b$10$0PyF63ngb3pE1Gx28UEH3elV8J6LfdDSrHTIUG5EH5wPeTHthVOly', 2, '15ex1vaz75', NULL, '2022-07-06 09:55:45', '2022-07-06 09:55:45', 0);

-- --------------------------------------------------------

--
-- Table structure for table `product`
--

DROP TABLE IF EXISTS `product`;
CREATE TABLE IF NOT EXISTS `product` (
  `id` int(10) UNSIGNED NOT NULL AUTO_INCREMENT,
  `name` varchar(100) CHARACTER SET utf8 NOT NULL,
  `tag` varchar(100) CHARACTER SET utf8 NOT NULL,
  `brand_id` int(10) UNSIGNED DEFAULT NULL,
  `category_id` int(10) UNSIGNED NOT NULL,
  `upid` varchar(20) CHARACTER SET utf8 NOT NULL,
  `barcode` varchar(20) CHARACTER SET utf8 NOT NULL,
  `featured_image` varchar(100) CHARACTER SET utf8 NOT NULL,
  `created_date` datetime NOT NULL DEFAULT CURRENT_TIMESTAMP,
  `updated_date` datetime NOT NULL DEFAULT CURRENT_TIMESTAMP,
  `updated_by` int(10) NOT NULL,
  `status` smallint(6) NOT NULL COMMENT '0:Not Active, 1:Active, 2:Requested',
  `archived` smallint(6) NOT NULL DEFAULT '0' COMMENT '0:Not Archived, 1:Archived',
  PRIMARY KEY (`id`),
  KEY `FK_brand_03` (`brand_id`),
  KEY `FK_category_02` (`category_id`)
) ENGINE=InnoDB AUTO_INCREMENT=3 DEFAULT CHARSET=latin1;

--
-- Dumping data for table `product`
--

INSERT INTO `product` (`id`, `name`, `tag`, `brand_id`, `category_id`, `upid`, `barcode`, `featured_image`, `created_date`, `updated_date`, `updated_by`, `status`, `archived`) VALUES
(1, 'iPhone 13 Pro', 'ip', 1, 6, '123', '#123', 'pic', '2022-07-07 12:31:20', '2022-07-07 12:31:20', 1, 1, 0),
(2, 'Mackbook pro', 'MackbookPro', 1, 7, '123', '#123', 'pic', '2022-07-07 13:57:05', '2022-07-07 13:57:05', 1, 1, 0);

-- --------------------------------------------------------

--
-- Table structure for table `profile_category`
--

DROP TABLE IF EXISTS `profile_category`;
CREATE TABLE IF NOT EXISTS `profile_category` (
  `id` int(10) UNSIGNED NOT NULL AUTO_INCREMENT,
  `name` varchar(100) CHARACTER SET utf8 NOT NULL,
  `category_id` int(10) UNSIGNED DEFAULT NULL,
  `brand_id` int(10) DEFAULT NULL,
  `created_date` datetime NOT NULL DEFAULT CURRENT_TIMESTAMP,
  `updated_date` datetime NOT NULL DEFAULT CURRENT_TIMESTAMP,
  `updated_by` int(10) UNSIGNED NOT NULL,
  `archived` smallint(6) NOT NULL COMMENT '0:Not Archived, 1:Archived',
  PRIMARY KEY (`id`),
  KEY `FK_category` (`category_id`)
) ENGINE=InnoDB DEFAULT CHARSET=latin1;

-- --------------------------------------------------------

--
-- Table structure for table `store`
--

DROP TABLE IF EXISTS `store`;
CREATE TABLE IF NOT EXISTS `store` (
  `id` int(10) UNSIGNED NOT NULL AUTO_INCREMENT,
  `name` varchar(100) CHARACTER SET utf8 NOT NULL,
  `brand_id` int(10) UNSIGNED DEFAULT NULL,
  `activity_id` int(10) UNSIGNED DEFAULT NULL,
  `website` varchar(150) CHARACTER SET utf8 NOT NULL,
  `full_name` varchar(150) CHARACTER SET utf8 NOT NULL,
  `position` varchar(100) CHARACTER SET utf8 NOT NULL,
  `login_id` int(10) UNSIGNED NOT NULL,
  `created_date` datetime NOT NULL DEFAULT CURRENT_TIMESTAMP,
  `updated_date` datetime NOT NULL DEFAULT CURRENT_TIMESTAMP,
  `updated_by` int(10) UNSIGNED NOT NULL,
  `status` smallint(6) NOT NULL DEFAULT '1' COMMENT '0:Not Active, 1:Active',
  `archived` smallint(6) NOT NULL COMMENT '0:Not Archived, 1:Archived',
  PRIMARY KEY (`id`),
  KEY `FK_brand_02` (`brand_id`),
  KEY `FK_activity_02` (`activity_id`)
) ENGINE=InnoDB DEFAULT CHARSET=latin1;

--
-- Constraints for dumped tables
--

--
-- Constraints for table `business_requests`
--
ALTER TABLE `business_requests`
  ADD CONSTRAINT `FK_activity_01` FOREIGN KEY (`activity_id`) REFERENCES `activity` (`id`) ON DELETE SET NULL ON UPDATE SET NULL,
  ADD CONSTRAINT `FK_brand_01` FOREIGN KEY (`brand_id`) REFERENCES `brand` (`id`) ON DELETE SET NULL ON UPDATE SET NULL;

--
-- Constraints for table `category`
--
ALTER TABLE `category`
  ADD CONSTRAINT `category_ibfk_1` FOREIGN KEY (`parent_id`) REFERENCES `category` (`id`);

--
-- Constraints for table `product`
--
ALTER TABLE `product`
  ADD CONSTRAINT `FK_brand_03` FOREIGN KEY (`brand_id`) REFERENCES `brand` (`id`) ON DELETE SET NULL ON UPDATE SET NULL,
  ADD CONSTRAINT `FK_category_02` FOREIGN KEY (`category_id`) REFERENCES `category` (`id`);

--
-- Constraints for table `profile_category`
--
ALTER TABLE `profile_category`
  ADD CONSTRAINT `FK_category` FOREIGN KEY (`category_id`) REFERENCES `category` (`id`) ON DELETE SET NULL ON UPDATE SET NULL;

--
-- Constraints for table `store`
--
ALTER TABLE `store`
  ADD CONSTRAINT `FK_activity_02` FOREIGN KEY (`activity_id`) REFERENCES `activity` (`id`) ON DELETE SET NULL ON UPDATE SET NULL,
  ADD CONSTRAINT `FK_brand_02` FOREIGN KEY (`brand_id`) REFERENCES `brand` (`id`) ON DELETE SET NULL ON UPDATE SET NULL;
COMMIT;

/*!40101 SET CHARACTER_SET_CLIENT=@OLD_CHARACTER_SET_CLIENT */;
/*!40101 SET CHARACTER_SET_RESULTS=@OLD_CHARACTER_SET_RESULTS */;
/*!40101 SET COLLATION_CONNECTION=@OLD_COLLATION_CONNECTION */;
